,TA.CZC,L.DCE,RU.SHF,MA.CZC,RB.SHF,J.DCE,JM.DCE,HC.SHF,BU.SHF,ZC.CZC,I.DCE,PP.DCE,V.DCE,EG.DCE,FU.SHF
2015-01-05,0.0,0.0,0.0,0.0,0.0,0.0,0.0,0.0,0.0,0.0,0.0,0.0,0.0,0.0,0.0
2015-01-06,0.0,0.0,-12.0,-83.0,0.0,16.0,38.0,0.0,-48.0,0.0,0.0,44.0,0.0,0.0,0.0
2015-01-07,0.0,0.0,-12.0,-83.0,0.0,16.0,38.0,0.0,-48.0,0.0,0.0,44.0,0.0,0.0,0.0
2015-01-08,-72.0,0.0,0.0,-83.0,0.0,16.0,38.0,0.0,-48.0,0.0,0.0,44.0,0.0,0.0,0.0
2015-01-09,-72.0,0.0,0.0,-83.0,0.0,16.0,38.0,0.0,-48.0,0.0,0.0,44.0,0.0,0.0,0.0
2015-01-12,-72.0,0.0,-13.0,-83.0,0.0,16.0,38.0,0.0,0.0,0.0,0.0,44.0,0.0,0.0,0.0
2015-01-13,-72.0,0.0,-13.0,-83.0,0.0,16.0,38.0,0.0,0.0,0.0,0.0,44.0,0.0,0.0,0.0
2015-01-14,-72.0,0.0,-13.0,-83.0,0.0,16.0,38.0,0.0,0.0,0.0,0.0,44.0,0.0,0.0,0.0
2015-01-15,-72.0,0.0,-13.0,-83.0,0.0,16.0,38.0,0.0,0.0,0.0,0.0,44.0,0.0,0.0,0.0
2015-01-16,-72.0,0.0,-13.0,-83.0,0.0,16.0,38.0,0.0,0.0,0.0,0.0,44.0,0.0,0.0,0.0
2015-01-19,-72.0,0.0,-13.0,-83.0,0.0,16.0,38.0,0.0,0.0,0.0,0.0,44.0,0.0,0.0,0.0
2015-01-20,-72.0,0.0,-13.0,-83.0,0.0,16.0,38.0,0.0,0.0,0.0,0.0,44.0,0.0,0.0,0.0
2015-01-21,-72.0,0.0,-13.0,-83.0,0.0,16.0,38.0,0.0,0.0,0.0,0.0,44.0,0.0,0.0,0.0
2015-01-22,-72.0,0.0,-13.0,-83.0,0.0,16.0,38.0,0.0,0.0,0.0,0.0,44.0,0.0,0.0,0.0
2015-01-23,-72.0,0.0,-13.0,-83.0,0.0,16.0,38.0,0.0,0.0,0.0,0.0,44.0,0.0,0.0,0.0
2015-01-26,-72.0,0.0,-13.0,-83.0,0.0,16.0,38.0,0.0,0.0,0.0,35.0,0.0,0.0,0.0,0.0
2015-01-27,-72.0,0.0,-13.0,-83.0,0.0,16.0,38.0,0.0,0.0,0.0,35.0,0.0,0.0,0.0,0.0
2015-01-28,-72.0,0.0,-13.0,-83.0,0.0,16.0,38.0,0.0,0.0,0.0,35.0,0.0,0.0,0.0,0.0
2015-01-29,-72.0,0.0,-13.0,-83.0,0.0,16.0,38.0,0.0,0.0,0.0,35.0,0.0,0.0,0.0,0.0
2015-01-30,-72.0,0.0,-13.0,-83.0,0.0,16.0,38.0,0.0,0.0,0.0,35.0,0.0,0.0,0.0,0.0
2015-02-02,-48.0,27.0,-9.0,-55.0,-44.0,0.0,25.0,43.0,40.0,0.0,0.0,31.0,0.0,0.0,0.0
2015-02-03,-49.0,27.0,-9.0,-55.0,-45.0,0.0,25.0,43.0,40.0,0.0,0.0,0.0,44.0,0.0,0.0
2015-02-04,-42.0,0.0,-8.0,-47.0,-40.0,10.0,23.0,39.0,35.0,0.0,21.0,0.0,39.0,0.0,0.0
2015-02-05,0.0,23.0,-8.0,-47.0,-41.0,10.0,23.0,39.0,35.0,0.0,21.0,-26.0,0.0,0.0,0.0
2015-02-06,-39.0,21.0,-7.0,-43.0,-37.0,9.0,21.0,35.0,33.0,0.0,19.0,-24.0,0.0,0.0,0.0
2015-02-09,-42.0,0.0,-7.0,-46.0,-40.0,10.0,23.0,39.0,35.0,0.0,21.0,-25.0,0.0,0.0,0.0
2015-02-10,-42.0,23.0,-7.0,-46.0,0.0,10.0,23.0,39.0,35.0,0.0,21.0,-25.0,0.0,0.0,0.0
2015-02-11,-39.0,21.0,-7.0,-43.0,0.0,9.0,21.0,35.0,32.0,0.0,19.0,-23.0,-35.0,0.0,0.0
2015-02-12,-39.0,21.0,-7.0,-43.0,0.0,9.0,21.0,35.0,32.0,0.0,19.0,-23.0,-35.0,0.0,0.0
2015-02-13,-39.0,21.0,-7.0,-43.0,0.0,9.0,21.0,35.0,32.0,0.0,19.0,-23.0,-35.0,0.0,0.0
2015-02-16,-52.0,0.0,0.0,0.0,-50.0,12.0,28.0,48.0,0.0,0.0,26.0,-31.0,-48.0,0.0,0.0
2015-02-17,-59.0,0.0,-10.0,-63.0,0.0,14.0,32.0,54.0,0.0,0.0,0.0,-35.0,0.0,0.0,0.0
2015-02-25,-51.0,0.0,0.0,-56.0,0.0,12.0,28.0,48.0,0.0,0.0,25.0,-31.0,-48.0,0.0,0.0
2015-02-26,0.0,-31.0,0.0,-63.0,0.0,14.0,33.0,0.0,0.0,0.0,30.0,-35.0,-55.0,0.0,0.0
2015-02-27,-58.0,-31.0,0.0,-63.0,0.0,14.0,33.0,0.0,0.0,0.0,30.0,0.0,-55.0,0.0,0.0
2015-03-02,-34.0,-18.0,-6.0,-35.0,34.0,8.0,19.0,32.0,-27.0,0.0,17.0,20.0,-32.0,0.0,0.0
2015-03-03,-45.0,-23.0,-8.0,0.0,0.0,11.0,25.0,0.0,-35.0,0.0,23.0,26.0,-42.0,0.0,0.0
2015-03-04,0.0,-26.0,10.0,0.0,51.0,12.0,29.0,0.0,-39.0,0.0,26.0,0.0,-47.0,0.0,0.0
2015-03-05,44.0,-23.0,-9.0,0.0,45.0,0.0,26.0,0.0,-35.0,0.0,23.0,26.0,-41.0,0.0,0.0
2015-03-06,41.0,-21.0,0.0,-41.0,-41.0,10.0,23.0,-39.0,0.0,0.0,22.0,24.0,-37.0,0.0,0.0
2015-03-09,0.0,-24.0,0.0,-46.0,0.0,11.0,26.0,-44.0,37.0,0.0,24.0,27.0,-42.0,0.0,0.0
2015-03-10,0.0,0.0,0.0,0.0,-57.0,14.0,33.0,-57.0,-47.0,0.0,31.0,35.0,0.0,0.0,0.0
2015-03-11,0.0,0.0,-9.0,0.0,-45.0,11.0,26.0,44.0,-37.0,0.0,25.0,28.0,-42.0,0.0,0.0
2015-03-12,-47.0,0.0,-9.0,0.0,-45.0,11.0,26.0,44.0,-37.0,0.0,25.0,28.0,0.0,0.0,0.0
2015-03-13,-38.0,-19.0,-7.0,0.0,-36.0,9.0,21.0,36.0,-30.0,0.0,20.0,22.0,35.0,0.0,0.0
2015-03-16,0.0,-27.0,-10.0,0.0,-50.0,12.0,29.0,50.0,-41.0,0.0,28.0,0.0,0.0,0.0,0.0
2015-03-17,-48.0,-24.0,-9.0,0.0,-44.0,11.0,26.0,0.0,-37.0,0.0,0.0,28.0,42.0,0.0,0.0
2015-03-18,0.0,-30.0,-11.0,0.0,-57.0,14.0,33.0,0.0,-48.0,0.0,0.0,36.0,0.0,0.0,0.0
2015-03-19,0.0,0.0,-10.0,0.0,-50.0,13.0,29.0,-50.0,-42.0,0.0,29.0,32.0,0.0,0.0,0.0
2015-03-20,-48.0,0.0,-9.0,0.0,-45.0,11.0,26.0,-44.0,-37.0,0.0,0.0,28.0,41.0,0.0,0.0
2015-03-23,-54.0,0.0,0.0,0.0,-50.0,13.0,30.0,-50.0,-42.0,0.0,29.0,0.0,46.0,0.0,0.0
2015-03-24,0.0,-36.0,0.0,0.0,-65.0,17.0,39.0,-65.0,0.0,0.0,0.0,41.0,0.0,0.0,0.0
2015-03-25,-52.0,-26.0,0.0,0.0,-49.0,13.0,30.0,-49.0,0.0,0.0,0.0,30.0,-45.0,0.0,0.0
2015-03-26,0.0,0.0,0.0,0.0,-66.0,17.0,40.0,0.0,-54.0,0.0,0.0,41.0,-60.0,0.0,0.0
2015-03-27,-60.0,-30.0,0.0,0.0,-57.0,15.0,34.0,0.0,0.0,0.0,0.0,35.0,-51.0,0.0,0.0
2015-03-30,0.0,0.0,-11.0,0.0,-57.0,15.0,34.0,-57.0,0.0,0.0,34.0,-35.0,0.0,0.0,0.0
2015-03-31,0.0,0.0,-11.0,0.0,-57.0,15.0,34.0,0.0,-46.0,0.0,34.0,-35.0,0.0,0.0,0.0
2015-04-01,-71.0,-35.0,0.0,0.0,0.0,18.0,41.0,0.0,-54.0,0.0,42.0,0.0,0.0,0.0,0.0
2015-04-02,-54.0,-26.0,0.0,0.0,52.0,13.0,30.0,0.0,0.0,0.0,32.0,-30.0,-43.0,0.0,0.0
2015-04-03,-54.0,-26.0,0.0,0.0,52.0,13.0,30.0,0.0,-39.0,0.0,32.0,0.0,-43.0,0.0,0.0
2015-04-07,-71.0,-35.0,0.0,0.0,0.0,18.0,41.0,0.0,-51.0,0.0,0.0,41.0,0.0,0.0,0.0
2015-04-08,-71.0,0.0,0.0,0.0,0.0,0.0,41.0,71.0,-51.0,0.0,0.0,41.0,-57.0,0.0,0.0
2015-04-09,-79.0,0.0,0.0,0.0,0.0,22.0,49.0,0.0,-60.0,0.0,0.0,0.0,-69.0,0.0,0.0
2015-04-10,-79.0,0.0,0.0,0.0,0.0,22.0,49.0,0.0,-60.0,0.0,0.0,0.0,-69.0,0.0,0.0
2015-04-13,-58.0,0.0,12.0,0.0,0.0,16.0,36.0,-61.0,-42.0,0.0,0.0,0.0,-50.0,0.0,0.0
2015-04-14,-58.0,0.0,12.0,0.0,0.0,16.0,36.0,-61.0,-42.0,0.0,0.0,0.0,-50.0,0.0,0.0
2015-04-15,-55.0,30.0,12.0,59.0,0.0,0.0,35.0,-61.0,0.0,0.0,0.0,0.0,-50.0,0.0,0.0
2015-04-16,-55.0,30.0,0.0,59.0,0.0,16.0,35.0,-61.0,0.0,0.0,0.0,0.0,-50.0,0.0,0.0
2015-04-17,-42.0,-23.0,0.0,44.0,0.0,12.0,27.0,-46.0,32.0,0.0,0.0,26.0,-39.0,0.0,0.0
2015-04-20,-47.0,0.0,10.0,49.0,54.0,0.0,0.0,-52.0,37.0,0.0,0.0,29.0,-44.0,0.0,0.0
2015-04-21,-54.0,0.0,0.0,55.0,63.0,-16.0,0.0,0.0,43.0,0.0,37.0,0.0,-51.0,0.0,0.0
2015-04-22,-41.0,0.0,8.0,44.0,49.0,-12.0,0.0,-47.0,35.0,0.0,0.0,26.0,-40.0,0.0,0.0
2015-04-23,-41.0,0.0,-8.0,44.0,49.0,-12.0,0.0,-47.0,35.0,0.0,0.0,26.0,-40.0,0.0,0.0
2015-04-24,-46.0,-25.0,0.0,49.0,54.0,-14.0,0.0,-51.0,39.0,0.0,0.0,29.0,0.0,0.0,0.0
2015-04-27,46.0,-25.0,0.0,0.0,-53.0,-14.0,31.0,-50.0,39.0,0.0,0.0,29.0,0.0,0.0,0.0
2015-04-28,-46.0,-25.0,0.0,0.0,52.0,-14.0,31.0,0.0,39.0,0.0,0.0,-28.0,43.0,0.0,0.0
2015-04-29,0.0,-28.0,-10.0,0.0,0.0,-15.0,35.0,0.0,43.0,0.0,0.0,-32.0,49.0,0.0,0.0
2015-04-30,0.0,-25.0,-9.0,49.0,53.0,0.0,31.0,-51.0,0.0,0.0,30.0,-28.0,0.0,0.0,0.0
2015-05-04,0.0,-25.0,-9.0,49.0,0.0,0.0,31.0,-51.0,0.0,0.0,30.0,-28.0,43.0,0.0,0.0
2015-05-05,-41.0,-22.0,-7.0,43.0,-46.0,12.0,28.0,-44.0,0.0,0.0,0.0,0.0,38.0,0.0,0.0
2015-05-06,-37.0,-20.0,-7.0,39.0,-41.0,11.0,24.0,-39.0,0.0,0.0,0.0,23.0,34.0,0.0,0.0
2015-05-07,-45.0,0.0,-8.0,48.0,51.0,-13.0,31.0,-49.0,0.0,0.0,0.0,28.0,0.0,0.0,0.0
2015-05-08,-60.0,0.0,-11.0,66.0,0.0,0.0,41.0,67.0,-51.0,0.0,0.0,0.0,0.0,0.0,0.0
2015-05-11,-46.0,0.0,-9.0,50.0,-52.0,13.0,30.0,50.0,-39.0,0.0,0.0,0.0,0.0,0.0,0.0
2015-05-12,-41.0,0.0,-8.0,44.0,-46.0,0.0,27.0,44.0,-34.0,0.0,0.0,26.0,-39.0,0.0,0.0
2015-05-13,-41.0,0.0,-8.0,44.0,-46.0,12.0,27.0,0.0,-35.0,0.0,0.0,26.0,-39.0,0.0,0.0
2015-05-14,-37.0,0.0,-7.0,40.0,-42.0,11.0,25.0,-40.0,-31.0,0.0,23.0,24.0,0.0,0.0,0.0
2015-05-15,0.0,0.0,-8.0,45.0,-47.0,12.0,28.0,-45.0,-35.0,0.0,26.0,0.0,-38.0,0.0,0.0
2015-05-18,-38.0,0.0,7.0,40.0,-42.0,11.0,25.0,0.0,-31.0,0.0,23.0,-24.0,-34.0,0.0,0.0
2015-05-19,-42.0,0.0,0.0,45.0,0.0,-12.0,28.0,0.0,-36.0,-26.0,26.0,27.0,-38.0,0.0,0.0
2015-05-20,35.0,0.0,0.0,37.0,-39.0,-10.0,23.0,-37.0,-30.0,-21.0,22.0,22.0,-31.0,0.0,0.0
2015-05-21,0.0,0.0,9.0,51.0,0.0,-14.0,31.0,0.0,0.0,-29.0,30.0,-30.0,-44.0,0.0,0.0
2015-05-22,-39.0,-21.0,7.0,41.0,0.0,11.0,25.0,0.0,0.0,-23.0,24.0,-24.0,-35.0,0.0,0.0
2015-05-25,-32.0,-17.0,6.0,34.0,-35.0,9.0,20.0,0.0,28.0,-19.0,20.0,-20.0,-29.0,0.0,0.0
2015-05-26,57.0,-30.0,0.0,58.0,0.0,0.0,35.0,0.0,0.0,-33.0,0.0,-34.0,-50.0,0.0,0.0
2015-05-27,57.0,-30.0,0.0,0.0,61.0,0.0,35.0,0.0,-47.0,-33.0,0.0,0.0,-50.0,0.0,0.0
2015-05-28,36.0,-19.0,0.0,0.0,39.0,10.0,22.0,-37.0,-30.0,-22.0,21.0,-22.0,-32.0,0.0,0.0
2015-05-29,44.0,-24.0,-8.0,0.0,47.0,0.0,27.0,0.0,-37.0,-26.0,26.0,0.0,-40.0,0.0,0.0
2015-06-01,0.0,-21.0,7.0,0.0,-42.0,11.0,24.0,41.0,-33.0,-24.0,23.0,0.0,-35.0,0.0,0.0
2015-06-02,-49.0,-27.0,8.0,0.0,0.0,0.0,30.0,50.0,0.0,-29.0,28.0,0.0,-44.0,0.0,0.0
2015-06-03,-38.0,-21.0,7.0,0.0,0.0,0.0,24.0,40.0,-31.0,-23.0,23.0,-24.0,-35.0,0.0,0.0
2015-06-04,0.0,27.0,0.0,0.0,0.0,0.0,30.0,51.0,-39.0,-29.0,29.0,-30.0,-44.0,0.0,0.0
2015-06-05,0.0,0.0,9.0,0.0,0.0,0.0,30.0,51.0,-39.0,-29.0,29.0,-30.0,-44.0,0.0,0.0
2015-06-08,0.0,0.0,0.0,51.0,0.0,0.0,30.0,51.0,-39.0,-29.0,29.0,-30.0,-44.0,0.0,0.0
2015-06-09,-39.0,-21.0,-7.0,41.0,0.0,0.0,24.0,41.0,-33.0,0.0,23.0,24.0,-36.0,0.0,0.0
2015-06-10,-43.0,0.0,-8.0,45.0,0.0,0.0,27.0,45.0,-36.0,0.0,26.0,26.0,-40.0,0.0,0.0
2015-06-11,-55.0,-30.0,-10.0,0.0,0.0,0.0,34.0,58.0,46.0,0.0,32.0,0.0,0.0,0.0,0.0
2015-06-12,-43.0,-23.0,-8.0,46.0,0.0,0.0,27.0,45.0,0.0,0.0,24.0,-26.0,-40.0,0.0,0.0
2015-06-15,0.0,-21.0,-7.0,0.0,0.0,11.0,24.0,42.0,33.0,-24.0,22.0,-23.0,-36.0,0.0,0.0
2015-06-16,-44.0,-23.0,-8.0,0.0,49.0,12.0,27.0,47.0,0.0,0.0,25.0,-26.0,0.0,0.0,0.0
2015-06-17,-39.0,-21.0,-7.0,0.0,45.0,11.0,24.0,43.0,0.0,0.0,23.0,-23.0,-36.0,0.0,0.0
2015-06-18,-44.0,-23.0,-8.0,0.0,0.0,13.0,27.0,48.0,37.0,0.0,26.0,-26.0,0.0,0.0,0.0
2015-06-19,-40.0,-21.0,-7.0,0.0,0.0,11.0,25.0,43.0,33.0,0.0,23.0,-24.0,-36.0,0.0,0.0
2015-06-23,-49.0,-26.0,-9.0,0.0,0.0,14.0,31.0,53.0,0.0,0.0,29.0,-29.0,0.0,0.0,0.0
2015-06-24,-56.0,-30.0,-10.0,0.0,0.0,16.0,0.0,61.0,0.0,-35.0,33.0,0.0,0.0,0.0,0.0
2015-06-25,-56.0,0.0,-10.0,-57.0,0.0,16.0,0.0,61.0,0.0,-35.0,33.0,0.0,0.0,0.0,0.0
2015-06-26,-56.0,0.0,-10.0,-57.0,0.0,16.0,0.0,61.0,0.0,-35.0,33.0,0.0,0.0,0.0,0.0
2015-06-29,-44.0,0.0,-8.0,-44.0,0.0,13.0,0.0,49.0,0.0,-27.0,25.0,26.0,40.0,0.0,0.0
2015-06-30,-49.0,0.0,-9.0,-50.0,0.0,14.0,0.0,55.0,0.0,-31.0,29.0,29.0,0.0,0.0,0.0
2015-07-01,0.0,-23.0,-9.0,-45.0,0.0,13.0,27.0,50.0,0.0,-27.0,27.0,-26.0,0.0,0.0,0.0
2015-07-02,-37.0,-18.0,-7.0,-37.0,0.0,10.0,22.0,41.0,0.0,-22.0,22.0,-21.0,32.0,0.0,0.0
2015-07-03,-44.0,0.0,-8.0,0.0,0.0,13.0,27.0,51.0,0.0,-27.0,27.0,-26.0,39.0,0.0,0.0
2015-07-06,0.0,-20.0,-8.0,40.0,0.0,11.0,25.0,45.0,35.0,-25.0,25.0,-23.0,0.0,0.0,0.0
2015-07-07,-32.0,-16.0,-6.0,32.0,38.0,9.0,20.0,36.0,28.0,-19.0,19.0,-18.0,-28.0,0.0,0.0
2015-07-08,-36.0,-18.0,-7.0,35.0,43.0,10.0,22.0,41.0,0.0,-21.0,22.0,-20.0,-31.0,0.0,0.0
2015-07-09,-36.0,-19.0,-7.0,35.0,43.0,0.0,22.0,41.0,34.0,-21.0,22.0,-20.0,-31.0,0.0,0.0
2015-07-10,0.0,-23.0,-9.0,0.0,0.0,13.0,29.0,54.0,44.0,-29.0,0.0,-27.0,-42.0,0.0,0.0
2015-07-13,-48.0,-23.0,-9.0,0.0,0.0,13.0,29.0,54.0,44.0,-29.0,0.0,0.0,-42.0,0.0,0.0
2015-07-14,0.0,0.0,-10.0,0.0,0.0,15.0,33.0,62.0,50.0,-33.0,0.0,-30.0,-47.0,0.0,0.0
2015-07-15,-40.0,19.0,-8.0,39.0,0.0,11.0,25.0,45.0,36.0,-24.0,0.0,-22.0,-34.0,0.0,0.0
2015-07-16,0.0,-21.0,-8.0,43.0,0.0,12.0,27.0,50.0,39.0,-26.0,0.0,-24.0,-38.0,0.0,0.0
2015-07-17,-49.0,0.0,-8.0,49.0,0.0,14.0,30.0,55.0,44.0,-29.0,0.0,0.0,-42.0,0.0,0.0
2015-07-20,-40.0,20.0,-7.0,39.0,0.0,11.0,24.0,45.0,0.0,-24.0,25.0,-22.0,-34.0,0.0,0.0
2015-07-21,-43.0,0.0,-8.0,43.0,-47.0,12.0,26.0,48.0,39.0,-26.0,0.0,-24.0,0.0,0.0,0.0
2015-07-22,40.0,0.0,-7.0,40.0,-44.0,11.0,24.0,44.0,-35.0,-24.0,25.0,-22.0,0.0,0.0,0.0
2015-07-23,0.0,-21.0,-8.0,43.0,-49.0,12.0,27.0,0.0,0.0,-26.0,29.0,-24.0,38.0,0.0,0.0
2015-07-24,-39.0,-19.0,-7.0,40.0,-44.0,11.0,25.0,0.0,0.0,-23.0,26.0,-22.0,34.0,0.0,0.0
2015-07-27,0.0,-24.0,-9.0,49.0,-54.0,14.0,30.0,0.0,-43.0,-29.0,32.0,0.0,0.0,0.0,0.0
2015-07-28,0.0,0.0,-11.0,66.0,-69.0,18.0,0.0,0.0,0.0,-37.0,40.0,-37.0,0.0,0.0,0.0
2015-07-29,0.0,25.0,-9.0,51.0,-54.0,14.0,0.0,0.0,-45.0,-29.0,31.0,-28.0,0.0,0.0,0.0
2015-07-30,0.0,0.0,-10.0,58.0,-59.0,15.0,0.0,0.0,0.0,-32.0,34.0,-31.0,47.0,0.0,0.0
2015-07-31,-49.0,0.0,-9.0,0.0,53.0,14.0,0.0,54.0,0.0,-29.0,31.0,-28.0,42.0,0.0,0.0
2015-08-03,-49.0,0.0,-9.0,51.0,53.0,0.0,0.0,54.0,0.0,-29.0,31.0,-28.0,42.0,0.0,0.0
2015-08-04,-40.0,21.0,-7.0,44.0,44.0,-11.0,0.0,0.0,37.0,-24.0,25.0,-24.0,35.0,0.0,0.0
2015-08-05,-55.0,30.0,-10.0,61.0,60.0,0.0,0.0,-60.0,0.0,-32.0,34.0,0.0,0.0,0.0,0.0
2015-08-06,-40.0,21.0,-7.0,44.0,43.0,11.0,0.0,-43.0,-37.0,-24.0,24.0,0.0,34.0,0.0,0.0
2015-08-07,-43.0,24.0,-8.0,50.0,48.0,12.0,0.0,0.0,-41.0,-26.0,27.0,-27.0,0.0,0.0,0.0
2015-08-10,-43.0,24.0,-8.0,50.0,48.0,0.0,27.0,0.0,-41.0,-26.0,27.0,-27.0,0.0,0.0,0.0
2015-08-11,-39.0,21.0,-7.0,44.0,44.0,-11.0,26.0,0.0,0.0,-24.0,25.0,-24.0,34.0,0.0,0.0
2015-08-12,-43.0,23.0,-8.0,48.0,49.0,0.0,28.0,0.0,-39.0,-26.0,27.0,-25.0,0.0,0.0,0.0
2015-08-13,-42.0,23.0,-8.0,48.0,49.0,-12.0,28.0,0.0,-39.0,0.0,27.0,-25.0,0.0,0.0,0.0
2015-08-14,-46.0,25.0,-9.0,0.0,53.0,0.0,30.0,53.0,-44.0,0.0,29.0,-28.0,0.0,0.0,0.0
2015-08-17,-53.0,0.0,-10.0,59.0,60.0,0.0,33.0,0.0,-50.0,0.0,32.0,-32.0,0.0,0.0,0.0
2015-08-18,-47.0,0.0,-9.0,0.0,54.0,-14.0,30.0,54.0,-46.0,0.0,29.0,-29.0,0.0,0.0,0.0
2015-08-19,-47.0,0.0,-9.0,54.0,54.0,0.0,30.0,0.0,-46.0,0.0,29.0,-29.0,-43.0,0.0,0.0
2015-08-20,-47.0,0.0,-9.0,0.0,54.0,0.0,30.0,54.0,-46.0,0.0,29.0,-29.0,-43.0,0.0,0.0
2015-08-21,-43.0,24.0,-8.0,49.0,49.0,0.0,28.0,49.0,-41.0,0.0,27.0,-26.0,0.0,0.0,0.0
2015-08-24,-48.0,0.0,-9.0,55.0,55.0,0.0,31.0,55.0,-47.0,0.0,29.0,0.0,-44.0,0.0,0.0
2015-08-25,-45.0,0.0,-9.0,51.0,52.0,-13.0,29.0,52.0,-44.0,0.0,28.0,0.0,-40.0,0.0,0.0
2015-08-26,-43.0,0.0,-8.0,48.0,47.0,-12.0,26.0,47.0,-41.0,0.0,25.0,-25.0,-36.0,0.0,0.0
2015-08-27,-43.0,0.0,-8.0,48.0,47.0,-12.0,27.0,47.0,-41.0,0.0,25.0,-25.0,-36.0,0.0,0.0
2015-08-28,-45.0,-23.0,-9.0,52.0,51.0,-13.0,29.0,51.0,-42.0,0.0,27.0,0.0,0.0,0.0,0.0
2015-08-31,-49.0,-26.0,-10.0,0.0,56.0,-14.0,32.0,56.0,0.0,0.0,29.0,0.0,-43.0,0.0,0.0
2015-09-01,-49.0,-26.0,-10.0,0.0,56.0,0.0,32.0,57.0,47.0,30.0,0.0,-29.0,0.0,0.0,0.0
2015-09-02,-40.0,-21.0,-8.0,47.0,46.0,12.0,26.0,0.0,0.0,24.0,23.0,-24.0,-36.0,0.0,0.0
2015-09-07,-44.0,-23.0,-9.0,52.0,51.0,0.0,29.0,51.0,0.0,27.0,0.0,-26.0,-40.0,0.0,0.0
2015-09-08,-44.0,-23.0,-9.0,0.0,52.0,13.0,29.0,51.0,0.0,0.0,26.0,-26.0,-40.0,0.0,0.0
2015-09-09,-40.0,-21.0,-8.0,47.0,47.0,12.0,26.0,47.0,-39.0,0.0,23.0,-24.0,0.0,0.0,0.0
2015-09-10,-44.0,-23.0,-9.0,0.0,51.0,13.0,28.0,51.0,-43.0,0.0,25.0,0.0,40.0,0.0,0.0
2015-09-11,-48.0,0.0,-9.0,-57.0,57.0,14.0,31.0,57.0,-45.0,0.0,27.0,0.0,0.0,0.0,0.0
2015-09-14,-43.0,0.0,-8.0,-51.0,51.0,13.0,29.0,51.0,-41.0,0.0,25.0,26.0,0.0,0.0,0.0
2015-09-15,-39.0,0.0,-8.0,-48.0,47.0,12.0,26.0,47.0,-36.0,24.0,23.0,24.0,0.0,0.0,0.0
2015-09-16,-39.0,0.0,-8.0,-48.0,47.0,12.0,26.0,47.0,-36.0,24.0,23.0,24.0,0.0,0.0,0.0
2015-09-17,-36.0,-20.0,-7.0,-43.0,43.0,11.0,24.0,43.0,-34.0,0.0,21.0,22.0,33.0,0.0,0.0
2015-09-18,-36.0,-20.0,-7.0,-43.0,0.0,11.0,24.0,43.0,-35.0,22.0,21.0,23.0,33.0,0.0,0.0
2015-09-21,-36.0,-20.0,-7.0,-43.0,43.0,11.0,24.0,43.0,-35.0,0.0,21.0,23.0,33.0,0.0,0.0
2015-09-22,-39.0,0.0,-8.0,-47.0,48.0,12.0,25.0,47.0,-38.0,24.0,23.0,0.0,-37.0,0.0,0.0
2015-09-23,-40.0,0.0,-8.0,-46.0,48.0,12.0,25.0,47.0,-38.0,24.0,23.0,0.0,-37.0,0.0,0.0
2015-09-24,-40.0,21.0,-8.0,-46.0,0.0,12.0,25.0,47.0,39.0,24.0,23.0,0.0,-37.0,0.0,0.0
2015-09-25,-43.0,24.0,-9.0,-51.0,0.0,13.0,29.0,52.0,0.0,27.0,26.0,0.0,-41.0,0.0,0.0
2015-09-28,-49.0,0.0,-10.0,-57.0,0.0,14.0,32.0,58.0,0.0,30.0,29.0,0.0,45.0,0.0,0.0
2015-09-29,0.0,30.0,-11.0,-64.0,0.0,16.0,36.0,66.0,0.0,34.0,34.0,0.0,0.0,0.0,0.0
2015-09-30,-49.0,0.0,-10.0,-58.0,61.0,15.0,0.0,60.0,0.0,31.0,30.0,0.0,45.0,0.0,0.0
2015-10-08,-44.0,0.0,-9.0,-52.0,55.0,13.0,0.0,54.0,0.0,27.0,27.0,-28.0,41.0,0.0,0.0
2015-10-09,-39.0,22.0,-8.0,-46.0,50.0,0.0,27.0,49.0,38.0,-25.0,24.0,-25.0,0.0,0.0,0.0
2015-10-12,-32.0,-18.0,-6.0,-38.0,42.0,10.0,22.0,41.0,31.0,-21.0,20.0,-21.0,31.0,0.0,0.0
2015-10-13,-42.0,0.0,-8.0,-49.0,0.0,13.0,29.0,-53.0,0.0,-27.0,26.0,27.0,40.0,0.0,0.0
2015-10-14,-42.0,0.0,-8.0,-49.0,0.0,13.0,29.0,-53.0,0.0,-27.0,26.0,27.0,40.0,0.0,0.0
2015-10-15,-39.0,0.0,-8.0,-45.0,50.0,12.0,27.0,-48.0,38.0,-26.0,24.0,0.0,37.0,0.0,0.0
2015-10-16,-42.0,0.0,-9.0,-50.0,0.0,14.0,30.0,-53.0,41.0,-28.0,27.0,0.0,41.0,0.0,0.0
2015-10-19,-43.0,0.0,-9.0,-50.0,55.0,14.0,30.0,-53.0,0.0,-28.0,27.0,0.0,41.0,0.0,0.0
2015-10-20,-43.0,0.0,-9.0,-50.0,55.0,14.0,30.0,0.0,0.0,-28.0,27.0,-28.0,41.0,0.0,0.0
2015-10-21,-43.0,0.0,-9.0,-50.0,55.0,14.0,30.0,0.0,0.0,-28.0,27.0,-28.0,41.0,0.0,0.0
2015-10-22,-36.0,-20.0,-7.0,-43.0,46.0,11.0,24.0,0.0,36.0,-24.0,23.0,-23.0,35.0,0.0,0.0
2015-10-23,-39.0,-22.0,-8.0,-47.0,0.0,12.0,27.0,0.0,40.0,-26.0,25.0,-25.0,38.0,0.0,0.0
2015-10-26,-35.0,-20.0,-7.0,-44.0,46.0,11.0,24.0,0.0,38.0,-24.0,23.0,-24.0,35.0,0.0,0.0
2015-10-27,-39.0,0.0,-8.0,-48.0,50.0,12.0,27.0,0.0,41.0,-27.0,25.0,-26.0,38.0,0.0,0.0
2015-10-28,0.0,-27.0,-10.0,-59.0,0.0,15.0,33.0,0.0,0.0,-33.0,30.0,-32.0,47.0,0.0,0.0
2015-10-29,0.0,-22.0,-8.0,-49.0,-51.0,13.0,27.0,0.0,41.0,-27.0,25.0,-26.0,38.0,0.0,0.0
2015-10-30,-39.0,-22.0,-8.0,-49.0,0.0,13.0,27.0,0.0,41.0,-27.0,25.0,-26.0,38.0,0.0,0.0
2015-11-02,-43.0,24.0,-9.0,-54.0,0.0,14.0,30.0,0.0,46.0,-30.0,0.0,-29.0,43.0,0.0,0.0
2015-11-03,-43.0,0.0,-9.0,-53.0,-56.0,14.0,30.0,0.0,46.0,30.0,0.0,-29.0,43.0,0.0,0.0
2015-11-04,-43.0,24.0,-9.0,-53.0,-56.0,14.0,30.0,0.0,46.0,30.0,29.0,0.0,0.0,0.0,0.0
2015-11-05,-53.0,0.0,-12.0,-65.0,-70.0,18.0,37.0,0.0,56.0,38.0,0.0,0.0,0.0,0.0,0.0
2015-11-06,-43.0,25.0,-9.0,-53.0,-56.0,14.0,30.0,0.0,45.0,30.0,29.0,0.0,0.0,0.0,0.0
2015-11-09,-47.0,27.0,-11.0,-58.0,-62.0,0.0,33.0,63.0,0.0,34.0,32.0,0.0,0.0,0.0,0.0
2015-11-10,-53.0,31.0,-12.0,-66.0,-69.0,18.0,37.0,70.0,0.0,0.0,0.0,0.0,0.0,0.0,0.0
2015-11-11,-53.0,31.0,-12.0,-66.0,-69.0,18.0,37.0,70.0,0.0,0.0,0.0,0.0,0.0,0.0,0.0
2015-11-12,-54.0,31.0,-12.0,-66.0,-69.0,0.0,37.0,71.0,-55.0,0.0,0.0,0.0,0.0,0.0,0.0
2015-11-13,-61.0,36.0,-13.0,0.0,0.0,20.0,42.0,80.0,-62.0,0.0,0.0,0.0,0.0,0.0,0.0
2015-11-16,-61.0,36.0,-13.0,0.0,0.0,20.0,42.0,81.0,-62.0,0.0,0.0,0.0,0.0,0.0,0.0
2015-11-17,-49.0,0.0,-11.0,0.0,0.0,16.0,33.0,63.0,-51.0,37.0,0.0,-36.0,49.0,0.0,0.0
2015-11-18,0.0,0.0,-16.0,0.0,0.0,24.0,49.0,0.0,-79.0,56.0,0.0,-54.0,0.0,0.0,0.0
2015-11-19,-55.0,0.0,-12.0,0.0,0.0,18.0,37.0,0.0,-60.0,42.0,0.0,-40.0,55.0,0.0,0.0
2015-11-20,-49.0,29.0,-11.0,0.0,0.0,16.0,34.0,64.0,-55.0,39.0,0.0,0.0,-50.0,0.0,0.0
2015-11-23,-49.0,29.0,-11.0,0.0,0.0,16.0,34.0,64.0,-55.0,39.0,0.0,-37.0,0.0,0.0,0.0
2015-11-24,-55.0,-33.0,-12.0,72.0,0.0,18.0,0.0,0.0,0.0,43.0,42.0,0.0,-56.0,0.0,0.0
2015-11-25,44.0,-25.0,-10.0,55.0,0.0,-14.0,34.0,0.0,-51.0,35.0,33.0,0.0,-43.0,0.0,0.0
2015-11-26,0.0,-28.0,-11.0,60.0,-66.0,18.0,36.0,0.0,-57.0,38.0,0.0,0.0,-48.0,0.0,0.0
2015-11-27,-44.0,27.0,-10.0,54.0,-60.0,16.0,32.0,0.0,-52.0,34.0,0.0,0.0,-43.0,0.0,0.0
2015-11-30,0.0,45.0,-17.0,0.0,-101.0,27.0,54.0,0.0,0.0,0.0,0.0,0.0,-73.0,0.0,0.0
2015-12-01,-50.0,30.0,-11.0,67.0,0.0,18.0,36.0,0.0,0.0,38.0,0.0,-39.0,-49.0,0.0,0.0
2015-12-02,-50.0,0.0,-11.0,67.0,-68.0,18.0,36.0,0.0,0.0,38.0,0.0,-39.0,-49.0,0.0,0.0
2015-12-03,-56.0,0.0,-12.0,75.0,0.0,20.0,40.0,0.0,-66.0,42.0,0.0,-43.0,0.0,0.0,0.0
2015-12-04,-56.0,0.0,-12.0,75.0,0.0,20.0,40.0,0.0,-66.0,42.0,0.0,-43.0,0.0,0.0,0.0
2015-12-07,-56.0,0.0,-12.0,75.0,0.0,20.0,40.0,0.0,-66.0,42.0,0.0,-43.0,0.0,0.0,0.0
2015-12-08,-75.0,0.0,-16.0,101.0,0.0,27.0,0.0,0.0,0.0,57.0,0.0,-58.0,0.0,0.0,0.0
2015-12-09,0.0,0.0,-25.0,155.0,0.0,41.0,0.0,0.0,0.0,87.0,0.0,0.0,0.0,0.0,0.0
2015-12-10,0.0,0.0,-25.0,155.0,0.0,41.0,0.0,0.0,0.0,87.0,0.0,0.0,0.0,0.0,0.0
2015-12-11,0.0,0.0,-17.0,0.0,-101.0,27.0,54.0,0.0,0.0,57.0,0.0,61.0,0.0,0.0,0.0
2015-12-14,0.0,0.0,-12.0,-76.0,-75.0,20.0,41.0,0.0,75.0,43.0,0.0,46.0,0.0,0.0,0.0
2015-12-15,0.0,0.0,-16.0,0.0,0.0,27.0,53.0,0.0,-98.0,56.0,0.0,60.0,0.0,0.0,0.0
2015-12-16,0.0,0.0,-12.0,-75.0,-75.0,20.0,40.0,0.0,-73.0,42.0,0.0,45.0,0.0,0.0,0.0
2015-12-17,0.0,0.0,-14.0,0.0,-85.0,23.0,46.0,0.0,-84.0,48.0,0.0,52.0,0.0,0.0,0.0
2015-12-18,0.0,0.0,-16.0,101.0,0.0,0.0,53.0,0.0,-97.0,56.0,0.0,60.0,0.0,0.0,0.0
2015-12-21,-65.0,0.0,-14.0,0.0,0.0,23.0,44.0,0.0,-82.0,47.0,0.0,51.0,0.0,0.0,0.0
2015-12-22,-56.0,-32.0,-12.0,74.0,0.0,20.0,38.0,0.0,-72.0,40.0,0.0,0.0,0.0,0.0,0.0
2015-12-23,-50.0,-28.0,-10.0,66.0,64.0,17.0,34.0,0.0,-58.0,35.0,0.0,0.0,0.0,0.0,0.0
2015-12-24,-57.0,-32.0,-12.0,73.0,0.0,20.0,38.0,0.0,0.0,40.0,0.0,-43.0,0.0,0.0,0.0
2015-12-25,-65.0,-36.0,-13.0,0.0,0.0,23.0,44.0,0.0,75.0,46.0,0.0,0.0,0.0,0.0,0.0
2015-12-28,0.0,-28.0,-10.0,-65.0,-64.0,18.0,34.0,0.0,0.0,37.0,0.0,38.0,-46.0,0.0,0.0
2015-12-29,0.0,-37.0,-14.0,0.0,-82.0,23.0,44.0,0.0,0.0,47.0,0.0,0.0,-60.0,0.0,0.0
2015-12-30,0.0,-28.0,-11.0,-64.0,-62.0,17.0,33.0,0.0,0.0,36.0,0.0,38.0,-46.0,0.0,0.0
2015-12-31,-45.0,-25.0,-9.0,-58.0,0.0,16.0,30.0,0.0,53.0,33.0,0.0,34.0,-41.0,0.0,0.0
2016-01-04,0.0,-28.0,-11.0,-64.0,0.0,17.0,33.0,0.0,-59.0,36.0,0.0,38.0,-46.0,0.0,0.0
2016-01-05,-45.0,-25.0,-10.0,-58.0,0.0,16.0,30.0,0.0,55.0,33.0,0.0,35.0,-41.0,0.0,0.0
2016-01-06,-45.0,0.0,-10.0,-58.0,-56.0,16.0,30.0,0.0,55.0,33.0,0.0,34.0,-42.0,0.0,0.0
2016-01-07,0.0,0.0,-11.0,-64.0,-63.0,18.0,34.0,0.0,-62.0,36.0,0.0,39.0,-46.0,0.0,0.0
2016-01-08,0.0,0.0,-11.0,-64.0,-63.0,18.0,34.0,0.0,-62.0,36.0,0.0,39.0,-47.0,0.0,0.0
2016-01-11,-41.0,-23.0,-9.0,-51.0,0.0,15.0,27.0,48.0,-51.0,30.0,0.0,32.0,-39.0,0.0,0.0
2016-01-12,-46.0,0.0,-10.0,-58.0,-57.0,16.0,30.0,53.0,-57.0,32.0,0.0,36.0,0.0,0.0,0.0
2016-01-13,0.0,-25.0,-10.0,-58.0,-57.0,16.0,30.0,53.0,-57.0,32.0,0.0,36.0,0.0,0.0,0.0
2016-01-14,-43.0,-23.0,-9.0,-53.0,0.0,15.0,29.0,49.0,-53.0,31.0,0.0,33.0,-39.0,0.0,0.0
2016-01-15,-47.0,-26.0,-10.0,0.0,0.0,16.0,31.0,53.0,-58.0,34.0,0.0,35.0,-43.0,0.0,0.0
2016-01-18,-43.0,-23.0,-9.0,53.0,0.0,15.0,29.0,48.0,-53.0,31.0,0.0,32.0,-39.0,0.0,0.0
2016-01-19,-52.0,-28.0,-11.0,0.0,0.0,17.0,34.0,57.0,-65.0,36.0,0.0,38.0,0.0,0.0,0.0
2016-01-20,-52.0,-28.0,-11.0,0.0,0.0,17.0,34.0,57.0,-65.0,36.0,0.0,38.0,0.0,0.0,0.0
2016-01-21,-47.0,-24.0,-10.0,0.0,-55.0,16.0,31.0,52.0,-58.0,32.0,0.0,34.0,0.0,0.0,0.0
2016-01-22,-52.0,-27.0,-11.0,0.0,0.0,17.0,35.0,58.0,-65.0,35.0,0.0,38.0,0.0,0.0,0.0
2016-01-25,-52.0,-27.0,-11.0,63.0,0.0,17.0,35.0,57.0,-63.0,35.0,0.0,0.0,0.0,0.0,0.0
2016-01-26,-42.0,-22.0,-9.0,52.0,-49.0,14.0,28.0,0.0,-52.0,28.0,0.0,-30.0,38.0,0.0,0.0
2016-01-27,-39.0,-20.0,-8.0,48.0,-45.0,13.0,25.0,43.0,-48.0,26.0,0.0,-27.0,35.0,0.0,0.0
2016-01-28,-42.0,-21.0,-9.0,51.0,-49.0,14.0,27.0,47.0,-52.0,28.0,0.0,-29.0,0.0,0.0,0.0
2016-01-29,-42.0,-21.0,-9.0,51.0,0.0,14.0,27.0,47.0,-52.0,28.0,0.0,-29.0,-38.0,0.0,0.0
2016-02-01,-38.0,-20.0,-8.0,48.0,-46.0,13.0,25.0,44.0,-49.0,26.0,0.0,-27.0,-34.0,0.0,0.0
2016-02-02,0.0,0.0,-14.0,0.0,-79.0,22.0,43.0,74.0,0.0,44.0,0.0,0.0,-59.0,0.0,0.0
2016-02-03,-51.0,0.0,-11.0,0.0,-61.0,17.0,33.0,58.0,-65.0,34.0,0.0,0.0,-46.0,0.0,0.0
2016-02-04,-46.0,0.0,-10.0,57.0,-55.0,16.0,30.0,52.0,-59.0,31.0,0.0,0.0,-41.0,0.0,0.0
2016-02-05,-51.0,0.0,-11.0,0.0,-60.0,17.0,33.0,57.0,-65.0,34.0,0.0,0.0,-45.0,0.0,0.0
2016-02-15,-57.0,0.0,-12.0,0.0,-68.0,19.0,37.0,64.0,0.0,39.0,0.0,0.0,-51.0,0.0,0.0
2016-02-16,-50.0,0.0,-11.0,-61.0,-59.0,17.0,33.0,57.0,0.0,34.0,0.0,35.0,0.0,0.0,0.0
2016-02-17,-41.0,-21.0,-9.0,-50.0,-49.0,14.0,27.0,0.0,-54.0,28.0,0.0,29.0,37.0,0.0,0.0
2016-02-18,-41.0,-21.0,-9.0,-50.0,-49.0,14.0,27.0,46.0,-54.0,28.0,0.0,29.0,0.0,0.0,0.0
2016-02-19,-41.0,-21.0,-9.0,-50.0,-49.0,14.0,27.0,46.0,-54.0,28.0,0.0,29.0,0.0,0.0,0.0
2016-02-22,-56.0,0.0,0.0,-67.0,-66.0,19.0,36.0,0.0,-73.0,39.0,0.0,39.0,0.0,0.0,0.0
2016-02-23,0.0,-25.0,0.0,0.0,-57.0,16.0,31.0,-53.0,-64.0,33.0,0.0,35.0,-44.0,0.0,0.0
2016-02-24,-41.0,-21.0,-9.0,-49.0,0.0,13.0,25.0,-44.0,-52.0,28.0,0.0,28.0,-35.0,0.0,0.0
2016-02-25,0.0,-28.0,-12.0,0.0,0.0,18.0,34.0,-61.0,-74.0,37.0,0.0,0.0,-49.0,0.0,0.0
2016-02-26,-56.0,-28.0,0.0,0.0,0.0,18.0,34.0,-61.0,-74.0,37.0,0.0,0.0,-49.0,0.0,0.0
2016-02-29,0.0,0.0,0.0,70.0,-65.0,18.0,34.0,-61.0,-71.0,37.0,0.0,0.0,-49.0,0.0,0.0
2016-03-01,0.0,-28.0,0.0,70.0,0.0,18.0,34.0,-61.0,-71.0,37.0,0.0,-38.0,0.0,0.0,0.0
2016-03-02,-49.0,-25.0,0.0,61.0,-56.0,16.0,30.0,-53.0,0.0,33.0,0.0,-33.0,0.0,0.0,0.0
2016-03-03,0.0,-25.0,0.0,61.0,-56.0,16.0,30.0,0.0,-60.0,33.0,0.0,-33.0,-43.0,0.0,0.0
2016-03-04,0.0,-28.0,0.0,70.0,0.0,18.0,35.0,-59.0,-68.0,36.0,0.0,-37.0,0.0,0.0,0.0
2016-03-07,-39.0,-20.0,-8.0,50.0,0.0,13.0,26.0,-42.0,-49.0,26.0,0.0,-26.0,35.0,0.0,0.0
2016-03-08,-53.0,0.0,-11.0,66.0,0.0,17.0,34.0,-55.0,-64.0,0.0,0.0,0.0,47.0,0.0,0.0
2016-03-09,-71.0,0.0,0.0,88.0,-76.0,0.0,45.0,-70.0,0.0,0.0,39.0,0.0,0.0,0.0,0.0
2016-03-10,0.0,0.0,0.0,-85.0,-76.0,23.0,45.0,0.0,0.0,0.0,39.0,0.0,-63.0,0.0,0.0
2016-03-11,-54.0,0.0,0.0,0.0,-59.0,17.0,35.0,-55.0,0.0,36.0,28.0,0.0,-48.0,0.0,0.0
2016-03-14,-72.0,0.0,0.0,0.0,-80.0,23.0,45.0,0.0,0.0,0.0,39.0,0.0,-63.0,0.0,0.0
2016-03-15,-48.0,25.0,-10.0,0.0,56.0,15.0,30.0,-51.0,0.0,0.0,26.0,0.0,-42.0,0.0,0.0
2016-03-16,-55.0,-28.0,0.0,66.0,0.0,17.0,34.0,0.0,0.0,0.0,30.0,-36.0,-47.0,0.0,0.0
2016-03-17,0.0,-28.0,0.0,66.0,62.0,0.0,34.0,-57.0,68.0,0.0,0.0,-35.0,-47.0,0.0,0.0
2016-03-18,0.0,-28.0,0.0,0.0,0.0,16.0,34.0,-57.0,68.0,35.0,0.0,-35.0,-47.0,0.0,0.0
2016-03-21,-61.0,0.0,-12.0,0.0,0.0,0.0,38.0,-62.0,75.0,40.0,0.0,0.0,-52.0,0.0,0.0
2016-03-22,43.0,0.0,-8.0,-49.0,-47.0,13.0,27.0,-42.0,53.0,29.0,24.0,0.0,0.0,0.0,0.0
2016-03-23,-43.0,0.0,-8.0,0.0,-47.0,13.0,27.0,-42.0,53.0,29.0,24.0,28.0,0.0,0.0,0.0
2016-03-24,-48.0,24.0,-10.0,56.0,-51.0,14.0,30.0,-46.0,0.0,0.0,27.0,0.0,0.0,0.0,0.0
2016-03-25,0.0,24.0,-10.0,0.0,-51.0,15.0,30.0,-46.0,63.0,0.0,27.0,-31.0,0.0,0.0,0.0
2016-03-28,0.0,25.0,-10.0,0.0,-51.0,15.0,30.0,-46.0,0.0,-31.0,28.0,-31.0,0.0,0.0,0.0
2016-03-29,-48.0,25.0,-10.0,0.0,-51.0,0.0,30.0,-46.0,0.0,-31.0,28.0,33.0,0.0,0.0,0.0
2016-03-30,-48.0,25.0,-10.0,0.0,-51.0,0.0,30.0,-46.0,0.0,-31.0,28.0,33.0,0.0,0.0,0.0
2016-03-31,-48.0,25.0,-10.0,0.0,-51.0,0.0,30.0,-46.0,0.0,-31.0,28.0,33.0,0.0,0.0,0.0
2016-04-01,-37.0,21.0,-8.0,0.0,-43.0,11.0,24.0,-38.0,-52.0,-25.0,24.0,27.0,0.0,0.0,0.0
2016-04-05,-37.0,21.0,-8.0,48.0,41.0,11.0,24.0,-38.0,51.0,-25.0,0.0,-25.0,0.0,0.0,0.0
2016-04-06,0.0,23.0,-9.0,54.0,46.0,-12.0,25.0,-40.0,59.0,-28.0,0.0,-29.0,0.0,0.0,0.0
2016-04-07,0.0,34.0,-12.0,0.0,0.0,18.0,36.0,-57.0,0.0,-39.0,38.0,0.0,0.0,0.0,0.0
2016-04-08,0.0,27.0,-10.0,0.0,51.0,-13.0,28.0,-44.0,65.0,-31.0,29.0,0.0,0.0,0.0,0.0
2016-04-11,0.0,40.0,-14.0,-88.0,0.0,0.0,42.0,0.0,0.0,-46.0,0.0,50.0,0.0,0.0,0.0
2016-04-12,0.0,30.0,-10.0,67.0,0.0,-15.0,31.0,0.0,-66.0,-34.0,0.0,0.0,50.0,0.0,0.0
2016-04-13,0.0,27.0,-9.0,59.0,47.0,-12.0,27.0,0.0,-58.0,-30.0,0.0,0.0,45.0,0.0,0.0
2016-04-14,0.0,27.0,-9.0,0.0,-47.0,-12.0,0.0,43.0,-58.0,-30.0,0.0,33.0,45.0,0.0,0.0
2016-04-15,-37.0,22.0,-7.0,0.0,39.0,-10.0,21.0,36.0,-46.0,-23.0,0.0,27.0,36.0,0.0,0.0
2016-04-18,0.0,0.0,-9.0,0.0,0.0,-13.0,27.0,45.0,-57.0,-30.0,27.0,33.0,44.0,0.0,0.0
2016-04-19,0.0,30.0,-10.0,0.0,0.0,-13.0,0.0,48.0,-64.0,-32.0,0.0,37.0,50.0,0.0,0.0
2016-04-20,0.0,30.0,-10.0,0.0,0.0,-13.0,0.0,48.0,-62.0,-32.0,0.0,37.0,50.0,0.0,0.0
2016-04-21,0.0,27.0,-8.0,0.0,0.0,-11.0,0.0,39.0,-54.0,-28.0,24.0,34.0,44.0,0.0,0.0
2016-04-22,-44.0,27.0,-8.0,0.0,0.0,0.0,0.0,39.0,-54.0,-28.0,24.0,34.0,44.0,0.0,0.0
2016-04-25,0.0,21.0,-7.0,0.0,35.0,-9.0,-20.0,32.0,-44.0,-24.0,19.0,27.0,35.0,0.0,0.0
2016-04-26,-33.0,0.0,-6.0,41.0,32.0,-8.0,-17.0,29.0,-40.0,-21.0,18.0,24.0,32.0,0.0,0.0
2016-04-27,-33.0,0.0,-6.0,-41.0,32.0,-8.0,-17.0,29.0,-40.0,-21.0,18.0,24.0,32.0,0.0,0.0
2016-04-28,-39.0,0.0,0.0,-49.0,40.0,-9.0,-22.0,38.0,-48.0,-26.0,23.0,0.0,38.0,0.0,0.0
2016-04-29,-44.0,0.0,-9.0,-55.0,44.0,-11.0,0.0,41.0,0.0,-28.0,25.0,0.0,42.0,0.0,0.0
2016-05-03,-57.0,0.0,0.0,-70.0,55.0,-13.0,0.0,52.0,0.0,-36.0,31.0,0.0,0.0,0.0,0.0
2016-05-04,-45.0,0.0,-9.0,-55.0,45.0,-10.0,25.0,43.0,0.0,-29.0,25.0,0.0,0.0,0.0,0.0
2016-05-05,0.0,0.0,-9.0,-55.0,45.0,-10.0,25.0,43.0,0.0,-29.0,25.0,-33.0,0.0,0.0,0.0
2016-05-06,0.0,0.0,-9.0,-55.0,45.0,-10.0,25.0,43.0,0.0,-29.0,25.0,-33.0,0.0,0.0,0.0
2016-05-09,-46.0,27.0,-9.0,-57.0,48.0,-11.0,25.0,45.0,0.0,0.0,0.0,-33.0,0.0,0.0,0.0
2016-05-10,-52.0,0.0,-11.0,-65.0,57.0,-13.0,31.0,54.0,0.0,0.0,0.0,-38.0,0.0,0.0,0.0
2016-05-11,0.0,27.0,-9.0,-57.0,52.0,-12.0,0.0,48.0,-59.0,0.0,0.0,-33.0,44.0,0.0,0.0
2016-05-12,0.0,31.0,-11.0,-64.0,58.0,0.0,0.0,54.0,-64.0,0.0,0.0,-37.0,-49.0,0.0,0.0
2016-05-13,0.0,31.0,-11.0,-64.0,58.0,-14.0,0.0,54.0,0.0,0.0,0.0,-37.0,-49.0,0.0,0.0
2016-05-16,0.0,25.0,-9.0,0.0,49.0,-11.0,0.0,46.0,-52.0,-27.0,28.0,-29.0,-39.0,0.0,0.0
2016-05-17,0.0,23.0,-8.0,0.0,44.0,-10.0,22.0,40.0,-46.0,-25.0,25.0,-27.0,-36.0,0.0,0.0
2016-05-18,-35.0,21.0,-7.0,43.0,39.0,-9.0,0.0,36.0,-42.0,-21.0,22.0,-25.0,-33.0,0.0,0.0
2016-05-19,-39.0,23.0,-8.0,48.0,44.0,-10.0,0.0,41.0,0.0,-24.0,24.0,-28.0,-36.0,0.0,0.0
2016-05-20,0.0,32.0,-12.0,0.0,61.0,0.0,0.0,56.0,0.0,-32.0,34.0,-38.0,-49.0,0.0,0.0
2016-05-23,-54.0,31.0,-12.0,0.0,61.0,0.0,0.0,56.0,-64.0,-32.0,0.0,-38.0,0.0,0.0,0.0
2016-05-24,0.0,42.0,-16.0,0.0,0.0,0.0,0.0,79.0,-90.0,-42.0,0.0,0.0,-65.0,0.0,0.0
2016-05-25,-89.0,50.0,-19.0,0.0,0.0,0.0,0.0,93.0,0.0,0.0,0.0,0.0,-79.0,0.0,0.0
2016-05-26,-63.0,36.0,-14.0,0.0,75.0,17.0,0.0,68.0,0.0,0.0,0.0,0.0,-56.0,0.0,0.0
2016-05-27,0.0,36.0,-14.0,0.0,0.0,17.0,0.0,66.0,0.0,-36.0,0.0,44.0,-56.0,0.0,0.0
2016-05-30,0.0,32.0,-12.0,67.0,0.0,15.0,0.0,55.0,0.0,-32.0,0.0,39.0,-50.0,0.0,0.0
2016-05-31,49.0,28.0,-11.0,59.0,0.0,13.0,0.0,50.0,0.0,-28.0,0.0,34.0,-43.0,0.0,0.0
2016-06-01,0.0,35.0,-14.0,75.0,0.0,17.0,0.0,65.0,0.0,-35.0,0.0,0.0,55.0,0.0,0.0
2016-06-02,74.0,0.0,-16.0,0.0,0.0,20.0,0.0,77.0,0.0,-41.0,0.0,0.0,64.0,0.0,0.0
2016-06-03,55.0,0.0,-12.0,-65.0,0.0,0.0,0.0,58.0,-67.0,-30.0,0.0,38.0,48.0,0.0,0.0
2016-06-06,-54.0,31.0,-12.0,0.0,0.0,15.0,0.0,57.0,0.0,-30.0,36.0,0.0,48.0,0.0,0.0
2016-06-07,43.0,25.0,-9.0,-52.0,0.0,11.0,24.0,44.0,0.0,-25.0,-27.0,0.0,39.0,0.0,0.0
2016-06-08,0.0,41.0,-16.0,0.0,0.0,19.0,0.0,73.0,0.0,-41.0,0.0,0.0,64.0,0.0,0.0
2016-06-13,47.0,27.0,-11.0,0.0,-53.0,13.0,0.0,48.0,0.0,-27.0,0.0,33.0,-43.0,0.0,0.0
2016-06-14,43.0,24.0,-9.0,0.0,-46.0,11.0,25.0,43.0,0.0,0.0,-27.0,-29.0,-40.0,0.0,0.0
2016-06-15,0.0,40.0,-16.0,0.0,0.0,20.0,43.0,0.0,0.0,0.0,0.0,-49.0,-66.0,0.0,0.0
2016-06-16,71.0,0.0,-16.0,0.0,-81.0,20.0,0.0,74.0,-86.0,0.0,0.0,0.0,0.0,0.0,0.0
2016-06-17,0.0,0.0,-14.0,0.0,0.0,17.0,36.0,63.0,-74.0,36.0,-39.0,0.0,0.0,0.0,0.0
2016-06-20,0.0,0.0,-18.0,0.0,0.0,23.0,0.0,88.0,-104.0,0.0,0.0,0.0,79.0,0.0,0.0
2016-06-21,-46.0,0.0,-10.0,-58.0,0.0,13.0,0.0,50.0,-56.0,0.0,30.0,31.0,43.0,0.0,0.0
2016-06-22,61.0,0.0,-13.0,0.0,0.0,17.0,35.0,63.0,-72.0,0.0,0.0,0.0,-54.0,0.0,0.0
2016-06-23,61.0,0.0,-13.0,0.0,0.0,17.0,35.0,63.0,-72.0,0.0,0.0,0.0,-54.0,0.0,0.0
2016-06-24,53.0,28.0,-11.0,0.0,0.0,14.0,0.0,54.0,-62.0,0.0,32.0,0.0,-46.0,0.0,0.0
2016-06-27,61.0,32.0,-13.0,0.0,0.0,16.0,0.0,62.0,-73.0,0.0,0.0,0.0,-52.0,0.0,0.0
2016-06-28,52.0,-28.0,-11.0,0.0,55.0,13.0,0.0,51.0,-62.0,0.0,0.0,0.0,-44.0,0.0,0.0
2016-06-29,52.0,-28.0,0.0,-63.0,55.0,13.0,0.0,51.0,-62.0,0.0,0.0,0.0,-44.0,0.0,0.0
2016-06-30,52.0,0.0,-11.0,-63.0,55.0,13.0,0.0,51.0,-62.0,0.0,0.0,0.0,-44.0,0.0,0.0
2016-07-01,46.0,25.0,-10.0,-56.0,-48.0,12.0,26.0,0.0,53.0,0.0,0.0,0.0,-39.0,0.0,0.0
2016-07-04,46.0,0.0,0.0,-56.0,-47.0,12.0,0.0,44.0,53.0,26.0,0.0,28.0,-39.0,0.0,0.0
2016-07-05,-51.0,0.0,0.0,-61.0,-52.0,13.0,0.0,49.0,0.0,29.0,0.0,30.0,-43.0,0.0,0.0
2016-07-06,0.0,-26.0,-11.0,0.0,-52.0,13.0,29.0,49.0,0.0,0.0,-28.0,0.0,-43.0,0.0,0.0
2016-07-07,0.0,-30.0,0.0,-74.0,0.0,15.0,0.0,57.0,-73.0,34.0,0.0,0.0,-50.0,0.0,0.0
2016-07-08,85.0,0.0,0.0,-103.0,0.0,21.0,0.0,0.0,0.0,49.0,0.0,0.0,-70.0,0.0,0.0
2016-07-11,54.0,0.0,-12.0,0.0,-51.0,13.0,0.0,0.0,-65.0,31.0,0.0,31.0,-44.0,0.0,0.0
2016-07-12,54.0,0.0,-12.0,0.0,-51.0,13.0,0.0,48.0,-65.0,31.0,0.0,-31.0,0.0,0.0,0.0
2016-07-13,61.0,0.0,0.0,0.0,-56.0,14.0,0.0,53.0,-71.0,33.0,0.0,0.0,-49.0,0.0,0.0
2016-07-14,107.0,0.0,0.0,0.0,-99.0,0.0,0.0,94.0,-124.0,0.0,0.0,0.0,0.0,0.0,0.0
2016-07-15,71.0,0.0,-15.0,0.0,0.0,0.0,0.0,63.0,-80.0,39.0,0.0,0.0,-58.0,0.0,0.0
2016-07-18,61.0,0.0,-13.0,0.0,-57.0,0.0,32.0,54.0,-69.0,33.0,0.0,0.0,0.0,0.0,0.0
2016-07-19,54.0,0.0,-11.0,0.0,0.0,0.0,29.0,50.0,-63.0,29.0,0.0,-31.0,-44.0,0.0,0.0
2016-07-20,0.0,0.0,-10.0,0.0,48.0,12.0,26.0,46.0,-56.0,26.0,0.0,-28.0,-39.0,0.0,0.0
2016-07-21,0.0,0.0,-17.0,0.0,0.0,0.0,46.0,81.0,-101.0,0.0,0.0,-50.0,0.0,0.0,0.0
2016-07-22,0.0,0.0,0.0,0.0,60.0,0.0,32.0,56.0,-70.0,33.0,0.0,-35.0,-49.0,0.0,0.0
2016-07-25,0.0,0.0,-13.0,0.0,62.0,0.0,0.0,57.0,-72.0,33.0,0.0,-35.0,-49.0,0.0,0.0
2016-07-26,0.0,23.0,-9.0,0.0,43.0,-9.0,22.0,39.0,-50.0,23.0,0.0,-25.0,-35.0,0.0,0.0
2016-07-27,0.0,34.0,-13.0,-77.0,0.0,0.0,0.0,55.0,-71.0,33.0,0.0,-36.0,0.0,0.0,0.0
2016-07-28,0.0,40.0,-15.0,0.0,0.0,0.0,0.0,64.0,-84.0,38.0,0.0,-41.0,0.0,0.0,0.0
2016-07-29,0.0,40.0,0.0,0.0,0.0,0.0,0.0,62.0,-84.0,38.0,0.0,-41.0,-58.0,0.0,0.0
2016-08-01,49.0,25.0,-10.0,0.0,-46.0,0.0,0.0,43.0,-59.0,25.0,0.0,-27.0,-40.0,0.0,0.0
2016-08-02,0.0,0.0,0.0,-87.0,0.0,0.0,0.0,62.0,-87.0,39.0,-34.0,0.0,-58.0,0.0,0.0
2016-08-03,-63.0,0.0,-13.0,-74.0,0.0,0.0,0.0,53.0,-73.0,33.0,0.0,0.0,50.0,0.0,0.0
2016-08-04,-87.0,-45.0,-16.0,0.0,0.0,0.0,0.0,75.0,0.0,45.0,0.0,0.0,0.0,0.0,0.0
2016-08-05,-62.0,-32.0,-11.0,75.0,0.0,0.0,0.0,54.0,0.0,32.0,0.0,0.0,-49.0,0.0,0.0
2016-08-08,-42.0,-22.0,-8.0,53.0,-39.0,-9.0,21.0,37.0,0.0,22.0,0.0,0.0,34.0,0.0,0.0
2016-08-09,-46.0,25.0,-9.0,59.0,-43.0,-9.0,0.0,40.0,0.0,24.0,0.0,0.0,37.0,0.0,0.0
2016-08-10,-46.0,25.0,-9.0,-54.0,43.0,-9.0,0.0,40.0,0.0,24.0,0.0,26.0,0.0,0.0,0.0
2016-08-11,-52.0,28.0,-10.0,0.0,48.0,-10.0,0.0,45.0,0.0,26.0,0.0,30.0,0.0,0.0,0.0
2016-08-12,0.0,25.0,-9.0,-54.0,-43.0,-9.0,0.0,-40.0,56.0,23.0,0.0,30.0,0.0,0.0,0.0
2016-08-15,0.0,25.0,-9.0,-54.0,-43.0,-9.0,0.0,0.0,56.0,23.0,26.0,30.0,0.0,0.0,0.0
2016-08-16,0.0,0.0,-9.0,-54.0,-43.0,0.0,-21.0,-41.0,56.0,24.0,26.0,30.0,0.0,0.0,0.0
2016-08-17,-46.0,0.0,-9.0,0.0,-43.0,0.0,-21.0,-39.0,56.0,22.0,26.0,30.0,0.0,0.0,0.0
2016-08-18,-37.0,21.0,-7.0,0.0,-35.0,-7.0,-17.0,-33.0,45.0,18.0,21.0,25.0,0.0,0.0,0.0
2016-08-19,-34.0,19.0,-6.0,0.0,-33.0,-7.0,-16.0,-30.0,42.0,17.0,19.0,22.0,29.0,0.0,0.0
2016-08-22,-37.0,20.0,-7.0,-45.0,0.0,-7.0,18.0,-33.0,46.0,18.0,20.0,24.0,0.0,0.0,0.0
2016-08-23,0.0,0.0,-8.0,0.0,-39.0,-8.0,19.0,-36.0,53.0,20.0,23.0,27.0,35.0,0.0,0.0
2016-08-24,-42.0,-22.0,0.0,0.0,0.0,-8.0,19.0,-36.0,53.0,20.0,23.0,27.0,35.0,0.0,0.0
2016-08-25,0.0,0.0,0.0,-64.0,-48.0,-10.0,24.0,-44.0,0.0,26.0,27.0,33.0,0.0,0.0,0.0
2016-08-26,0.0,0.0,0.0,-56.0,-43.0,-9.0,22.0,-39.0,0.0,23.0,25.0,30.0,-40.0,0.0,0.0
2016-08-29,-46.0,0.0,-9.0,0.0,-43.0,0.0,21.0,-39.0,0.0,23.0,26.0,30.0,-40.0,0.0,0.0
2016-08-30,-42.0,0.0,-8.0,0.0,-40.0,8.0,19.0,-35.0,0.0,20.0,24.0,28.0,-36.0,0.0,0.0
2016-08-31,0.0,0.0,-10.0,0.0,-52.0,10.0,0.0,-45.0,0.0,25.0,30.0,34.0,-45.0,0.0,0.0
2016-09-01,0.0,0.0,-9.0,0.0,-46.0,9.0,22.0,-41.0,-60.0,22.0,27.0,0.0,-41.0,0.0,0.0
2016-09-02,0.0,-21.0,-7.0,-47.0,38.0,8.0,17.0,0.0,-48.0,18.0,22.0,25.0,-33.0,0.0,0.0
2016-09-05,38.0,-21.0,-7.0,-47.0,0.0,7.0,17.0,-34.0,-48.0,18.0,22.0,0.0,-33.0,0.0,0.0
2016-09-06,0.0,-26.0,-9.0,-55.0,0.0,0.0,20.0,0.0,-59.0,21.0,27.0,31.0,-41.0,0.0,0.0
2016-09-07,0.0,0.0,-8.0,-49.0,-41.0,8.0,18.0,0.0,-52.0,19.0,24.0,27.0,36.0,0.0,0.0
2016-09-08,0.0,-25.0,-9.0,-55.0,0.0,9.0,20.0,0.0,-58.0,22.0,27.0,30.0,0.0,0.0,0.0
2016-09-09,0.0,-25.0,-9.0,-55.0,0.0,9.0,20.0,0.0,-58.0,22.0,27.0,30.0,0.0,0.0,0.0
2016-09-12,0.0,-19.0,-7.0,-41.0,-36.0,7.0,15.0,-32.0,-44.0,17.0,20.0,23.0,29.0,0.0,0.0
2016-09-13,0.0,0.0,-8.0,-49.0,-44.0,9.0,19.0,0.0,-55.0,20.0,25.0,28.0,35.0,0.0,0.0
2016-09-14,42.0,0.0,-8.0,-49.0,-44.0,9.0,19.0,0.0,-55.0,20.0,25.0,0.0,35.0,0.0,0.0
2016-09-19,0.0,-21.0,-7.0,-45.0,-40.0,8.0,17.0,0.0,-50.0,18.0,23.0,26.0,32.0,0.0,0.0
2016-09-20,0.0,-19.0,-6.0,-40.0,37.0,7.0,16.0,-33.0,-45.0,16.0,21.0,23.0,-28.0,0.0,0.0
2016-09-21,0.0,-19.0,-6.0,-40.0,37.0,7.0,16.0,-33.0,-45.0,16.0,21.0,23.0,-28.0,0.0,0.0
2016-09-22,0.0,0.0,-8.0,-49.0,44.0,8.0,18.0,0.0,-55.0,19.0,25.0,28.0,-33.0,0.0,0.0
2016-09-23,0.0,23.0,-8.0,-49.0,44.0,8.0,18.0,0.0,-55.0,19.0,25.0,0.0,-33.0,0.0,0.0
2016-09-26,-38.0,0.0,-7.0,-45.0,39.0,7.0,16.0,35.0,-50.0,17.0,22.0,0.0,-30.0,0.0,0.0
2016-09-27,47.0,0.0,-8.0,-55.0,48.0,9.0,19.0,0.0,-61.0,0.0,27.0,0.0,-37.0,0.0,0.0
2016-09-28,-42.0,0.0,-8.0,-49.0,44.0,8.0,17.0,39.0,-55.0,0.0,25.0,0.0,-34.0,0.0,0.0
2016-09-29,-61.0,-33.0,0.0,-69.0,63.0,11.0,25.0,0.0,0.0,0.0,35.0,0.0,0.0,0.0,0.0
2016-09-30,-42.0,-23.0,-8.0,-48.0,0.0,8.0,17.0,39.0,-58.0,0.0,24.0,0.0,-34.0,0.0,0.0
2016-10-10,0.0,-21.0,-7.0,-43.0,40.0,7.0,15.0,0.0,-52.0,17.0,22.0,-25.0,-30.0,0.0,0.0
2016-10-11,-38.0,0.0,-7.0,-43.0,40.0,7.0,15.0,0.0,-52.0,-17.0,22.0,24.0,-30.0,0.0,0.0
2016-10-12,-35.0,0.0,-6.0,-37.0,36.0,6.0,13.0,-31.0,-47.0,-15.0,20.0,22.0,-26.0,0.0,0.0
2016-10-13,0.0,0.0,-8.0,-49.0,0.0,8.0,17.0,-41.0,0.0,-20.0,26.0,29.0,-35.0,0.0,0.0
2016-10-14,42.0,0.0,-7.0,-45.0,-42.0,0.0,16.0,-37.0,0.0,-18.0,23.0,27.0,-32.0,0.0,0.0
2016-10-17,-42.0,-22.0,-7.0,0.0,-42.0,7.0,16.0,0.0,0.0,-18.0,23.0,27.0,-32.0,0.0,0.0
2016-10-18,-52.0,27.0,-9.0,0.0,0.0,8.0,18.0,0.0,0.0,-21.0,28.0,0.0,-38.0,0.0,0.0
2016-10-19,0.0,0.0,-9.0,-55.0,0.0,8.0,18.0,0.0,0.0,-21.0,28.0,-32.0,-38.0,0.0,0.0
2016-10-20,-59.0,0.0,-10.0,0.0,0.0,9.0,19.0,0.0,0.0,-25.0,33.0,-36.0,0.0,0.0,0.0
2016-10-21,-41.0,21.0,0.0,44.0,0.0,6.0,14.0,-36.0,0.0,-17.0,23.0,-26.0,-30.0,0.0,0.0
2016-10-24,-51.0,0.0,0.0,56.0,0.0,8.0,17.0,0.0,-68.0,-21.0,28.0,-32.0,0.0,0.0,0.0
2016-10-25,-51.0,0.0,-9.0,56.0,50.0,8.0,17.0,0.0,-68.0,-21.0,0.0,0.0,0.0,0.0,0.0
2016-10-26,-51.0,0.0,-9.0,56.0,50.0,8.0,17.0,0.0,-68.0,-21.0,0.0,0.0,0.0,0.0,0.0
2016-10-27,-51.0,26.0,0.0,0.0,50.0,0.0,17.0,0.0,-68.0,-21.0,0.0,31.0,-37.0,0.0,0.0
2016-10-28,-51.0,0.0,0.0,54.0,50.0,0.0,17.0,0.0,-68.0,-21.0,0.0,31.0,-37.0,0.0,0.0
2016-10-31,0.0,0.0,0.0,-60.0,55.0,0.0,18.0,0.0,-78.0,-23.0,0.0,34.0,-40.0,0.0,0.0
2016-11-01,-58.0,0.0,0.0,-60.0,55.0,-8.0,18.0,0.0,-78.0,0.0,0.0,34.0,0.0,0.0,0.0
2016-11-02,0.0,-28.0,0.0,0.0,55.0,0.0,18.0,0.0,-78.0,0.0,-28.0,34.0,-39.0,0.0,0.0
2016-11-03,0.0,25.0,0.0,0.0,48.0,0.0,16.0,-41.0,-69.0,-20.0,0.0,30.0,-34.0,0.0,0.0
2016-11-04,0.0,0.0,0.0,52.0,0.0,7.0,16.0,-41.0,-69.0,0.0,-25.0,30.0,-34.0,0.0,0.0
2016-11-07,0.0,-23.0,-8.0,47.0,0.0,6.0,13.0,36.0,-63.0,0.0,0.0,27.0,-30.0,0.0,0.0
2016-11-08,46.0,23.0,-8.0,47.0,0.0,-6.0,13.0,0.0,-63.0,0.0,0.0,27.0,-30.0,0.0,0.0
2016-11-09,0.0,0.0,-7.0,42.0,35.0,5.0,12.0,31.0,-55.0,0.0,-19.0,23.0,-26.0,0.0,0.0
2016-11-10,0.0,0.0,-9.0,59.0,0.0,0.0,15.0,42.0,-78.0,0.0,0.0,32.0,-36.0,0.0,0.0
2016-11-11,-40.0,19.0,-6.0,42.0,33.0,0.0,11.0,30.0,-53.0,0.0,-17.0,0.0,-26.0,0.0,0.0
2016-11-14,-43.0,22.0,-7.0,45.0,0.0,5.0,12.0,32.0,-49.0,0.0,-18.0,0.0,0.0,0.0,0.0
2016-11-15,0.0,29.0,-9.0,0.0,49.0,0.0,14.0,43.0,-69.0,0.0,0.0,0.0,-36.0,0.0,0.0
2016-11-16,-37.0,19.0,-6.0,40.0,32.0,5.0,10.0,28.0,-43.0,0.0,-15.0,0.0,-23.0,0.0,0.0
2016-11-17,-45.0,23.0,-7.0,0.0,39.0,5.0,12.0,35.0,-51.0,0.0,0.0,0.0,-28.0,0.0,0.0
2016-11-18,-40.0,21.0,-6.0,-41.0,36.0,0.0,11.0,31.0,-46.0,0.0,0.0,23.0,-26.0,0.0,0.0
2016-11-21,-40.0,21.0,-6.0,-41.0,36.0,0.0,11.0,31.0,-46.0,0.0,0.0,23.0,-26.0,0.0,0.0
2016-11-22,-40.0,0.0,-6.0,0.0,36.0,5.0,11.0,32.0,-46.0,0.0,-18.0,23.0,-26.0,0.0,0.0
2016-11-23,-56.0,29.0,-8.0,0.0,49.0,0.0,15.0,43.0,0.0,0.0,0.0,33.0,0.0,0.0,0.0
2016-11-24,-39.0,21.0,-6.0,0.0,34.0,5.0,11.0,29.0,-43.0,0.0,-16.0,23.0,0.0,0.0,0.0
2016-11-25,-39.0,21.0,-5.0,0.0,34.0,5.0,11.0,29.0,-43.0,0.0,-16.0,23.0,0.0,0.0,0.0
2016-11-28,-56.0,31.0,0.0,57.0,-45.0,7.0,0.0,-40.0,0.0,0.0,0.0,34.0,0.0,0.0,0.0
2016-11-29,-43.0,23.0,6.0,44.0,-33.0,5.0,0.0,0.0,-47.0,-18.0,0.0,26.0,0.0,0.0,0.0
2016-11-30,-43.0,23.0,0.0,0.0,-33.0,5.0,0.0,33.0,-47.0,-18.0,0.0,26.0,31.0,0.0,0.0
2016-12-01,-56.0,31.0,0.0,0.0,0.0,0.0,0.0,44.0,-64.0,-25.0,0.0,35.0,41.0,0.0,0.0
2016-12-02,-48.0,27.0,0.0,50.0,-39.0,0.0,0.0,0.0,-53.0,-21.0,0.0,30.0,36.0,0.0,0.0
2016-12-05,-48.0,27.0,0.0,0.0,-39.0,7.0,0.0,0.0,-53.0,-21.0,0.0,30.0,36.0,0.0,0.0
2016-12-06,-63.0,0.0,9.0,0.0,-52.0,9.0,0.0,0.0,0.0,-28.0,0.0,0.0,49.0,0.0,0.0
2016-12-07,-63.0,0.0,0.0,0.0,-52.0,9.0,0.0,0.0,0.0,0.0,-28.0,37.0,49.0,0.0,0.0
2016-12-08,-63.0,0.0,0.0,0.0,-52.0,9.0,0.0,0.0,0.0,0.0,-28.0,37.0,49.0,0.0,0.0
2016-12-09,-63.0,0.0,0.0,0.0,-52.0,9.0,0.0,0.0,0.0,0.0,-28.0,37.0,49.0,0.0,0.0
2016-12-12,-63.0,0.0,0.0,0.0,-52.0,9.0,0.0,0.0,0.0,0.0,-28.0,37.0,49.0,0.0,0.0
2016-12-13,-90.0,0.0,0.0,0.0,0.0,14.0,0.0,0.0,0.0,0.0,-39.0,0.0,71.0,0.0,0.0
2016-12-14,-72.0,0.0,0.0,0.0,-57.0,11.0,0.0,0.0,0.0,0.0,-31.0,0.0,58.0,0.0,0.0
2016-12-15,-72.0,0.0,-10.0,0.0,0.0,11.0,0.0,0.0,0.0,0.0,-31.0,0.0,58.0,0.0,0.0
2016-12-16,-61.0,0.0,-8.0,0.0,0.0,9.0,0.0,0.0,0.0,0.0,-27.0,34.0,49.0,0.0,0.0
2016-12-19,-73.0,0.0,0.0,0.0,-61.0,11.0,0.0,0.0,0.0,0.0,0.0,42.0,62.0,0.0,0.0
2016-12-20,-45.0,25.0,-6.0,0.0,-39.0,7.0,0.0,0.0,-49.0,0.0,0.0,27.0,40.0,0.0,0.0
2016-12-21,0.0,34.0,-9.0,0.0,0.0,9.0,0.0,-47.0,-64.0,0.0,0.0,37.0,0.0,0.0,0.0
2016-12-22,0.0,34.0,-9.0,0.0,0.0,9.0,0.0,-47.0,-64.0,0.0,0.0,37.0,0.0,0.0,0.0
2016-12-23,0.0,25.0,-7.0,0.0,-41.0,8.0,0.0,-37.0,-50.0,0.0,23.0,28.0,0.0,0.0,0.0
2016-12-26,0.0,25.0,-7.0,0.0,-41.0,8.0,0.0,-37.0,-50.0,0.0,23.0,28.0,0.0,0.0,0.0
2016-12-27,0.0,40.0,-11.0,0.0,-68.0,13.0,0.0,0.0,0.0,0.0,36.0,0.0,0.0,0.0,0.0
2016-12-28,-41.0,22.0,-6.0,0.0,-37.0,7.0,0.0,-33.0,-42.0,22.0,0.0,24.0,0.0,0.0,0.0
2016-12-29,-41.0,22.0,-6.0,0.0,-37.0,7.0,16.0,0.0,-41.0,22.0,0.0,24.0,0.0,0.0,0.0
2016-12-30,-46.0,25.0,-7.0,0.0,0.0,8.0,18.0,0.0,-45.0,25.0,0.0,27.0,0.0,0.0,0.0
2017-01-03,-37.0,20.0,-5.0,-37.0,0.0,7.0,14.0,0.0,-37.0,20.0,0.0,23.0,-32.0,0.0,0.0
2017-01-04,-37.0,21.0,-5.0,37.0,0.0,7.0,14.0,0.0,-38.0,0.0,19.0,23.0,-32.0,0.0,0.0
2017-01-05,0.0,21.0,-5.0,37.0,-34.0,7.0,14.0,0.0,-38.0,0.0,19.0,23.0,-32.0,0.0,0.0
2017-01-06,-34.0,19.0,-5.0,34.0,-31.0,6.0,13.0,0.0,-34.0,0.0,17.0,21.0,-30.0,0.0,0.0
2017-01-09,-31.0,17.0,-5.0,31.0,-29.0,5.0,12.0,25.0,-31.0,0.0,15.0,20.0,-27.0,0.0,0.0
2017-01-10,0.0,0.0,0.0,46.0,-41.0,8.0,17.0,0.0,-46.0,24.0,0.0,29.0,-39.0,0.0,0.0
2017-01-11,-37.0,0.0,-5.0,37.0,-32.0,6.0,13.0,28.0,-38.0,19.0,0.0,23.0,0.0,0.0,0.0
2017-01-12,-34.0,0.0,-5.0,34.0,-29.0,5.0,12.0,25.0,-34.0,17.0,-15.0,21.0,0.0,0.0,0.0
2017-01-13,-31.0,0.0,-4.0,30.0,-26.0,5.0,11.0,23.0,-31.0,16.0,-14.0,19.0,-26.0,0.0,0.0
2017-01-16,-31.0,0.0,-4.0,30.0,-26.0,5.0,11.0,23.0,-31.0,16.0,-14.0,19.0,-26.0,0.0,0.0
2017-01-17,0.0,0.0,4.0,32.0,-27.0,5.0,11.0,24.0,-33.0,17.0,-14.0,-20.0,28.0,0.0,0.0
2017-01-18,-41.0,0.0,5.0,0.0,-34.0,7.0,15.0,31.0,-42.0,22.0,-17.0,0.0,0.0,0.0,0.0
2017-01-19,0.0,0.0,5.0,0.0,-34.0,7.0,15.0,31.0,-42.0,22.0,-17.0,0.0,-34.0,0.0,0.0
2017-01-20,0.0,-16.0,4.0,30.0,-26.0,5.0,11.0,23.0,-31.0,16.0,-13.0,19.0,-25.0,0.0,0.0
2017-01-23,0.0,-22.0,6.0,40.0,-35.0,0.0,16.0,32.0,0.0,22.0,-18.0,0.0,-34.0,0.0,0.0
2017-01-24,-33.0,-18.0,5.0,32.0,-29.0,6.0,13.0,26.0,0.0,18.0,-15.0,-20.0,0.0,0.0,0.0
2017-01-25,-40.0,-22.0,5.0,39.0,-34.0,7.0,15.0,0.0,0.0,21.0,-17.0,0.0,0.0,0.0,0.0
2017-01-26,-35.0,-19.0,5.0,34.0,-30.0,6.0,14.0,0.0,0.0,19.0,-16.0,-21.0,0.0,0.0,0.0
2017-02-03,-32.0,-18.0,0.0,31.0,-27.0,5.0,12.0,25.0,-34.0,17.0,-14.0,0.0,-28.0,0.0,0.0
2017-02-06,-39.0,0.0,-6.0,0.0,0.0,7.0,16.0,33.0,-41.0,21.0,0.0,24.0,-33.0,0.0,0.0
2017-02-07,-49.0,0.0,0.0,0.0,-46.0,9.0,21.0,42.0,-52.0,0.0,0.0,0.0,-42.0,0.0,0.0
2017-02-08,0.0,0.0,0.0,-42.0,-39.0,8.0,18.0,36.0,-46.0,0.0,0.0,27.0,-37.0,0.0,0.0
2017-02-09,0.0,28.0,0.0,0.0,-44.0,9.0,20.0,0.0,-52.0,0.0,0.0,31.0,-42.0,0.0,0.0
2017-02-10,35.0,0.0,-5.0,-34.0,-31.0,7.0,15.0,0.0,-37.0,19.0,0.0,22.0,-29.0,0.0,0.0
2017-02-13,0.0,22.0,0.0,0.0,-33.0,7.0,16.0,0.0,-40.0,21.0,-16.0,24.0,-32.0,0.0,0.0
2017-02-14,0.0,-27.0,0.0,-47.0,0.0,9.0,20.0,0.0,-49.0,27.0,0.0,-30.0,0.0,0.0,0.0
2017-02-15,0.0,-21.0,0.0,-36.0,0.0,7.0,15.0,30.0,-38.0,21.0,-16.0,-23.0,0.0,0.0,0.0
2017-02-16,44.0,0.0,-6.0,-41.0,0.0,8.0,0.0,0.0,-44.0,23.0,0.0,-27.0,-37.0,0.0,0.0
2017-02-17,44.0,0.0,-6.0,-41.0,0.0,8.0,0.0,0.0,-44.0,23.0,18.0,0.0,-37.0,0.0,0.0
2017-02-20,0.0,25.0,-6.0,-41.0,-36.0,7.0,0.0,0.0,0.0,23.0,18.0,0.0,-37.0,0.0,0.0
2017-02-21,-44.0,25.0,0.0,-41.0,-36.0,7.0,0.0,0.0,-43.0,23.0,0.0,28.0,0.0,0.0,0.0
2017-02-22,44.0,25.0,-6.0,0.0,-36.0,7.0,0.0,0.0,0.0,23.0,-17.0,0.0,-38.0,0.0,0.0
2017-02-23,39.0,0.0,-6.0,0.0,-32.0,7.0,0.0,30.0,-38.0,20.0,0.0,-25.0,-34.0,0.0,0.0
2017-02-24,39.0,-23.0,0.0,0.0,-32.0,7.0,0.0,30.0,0.0,20.0,16.0,-25.0,-34.0,0.0,0.0
2017-02-27,0.0,23.0,-6.0,0.0,-32.0,6.0,15.0,0.0,-39.0,20.0,0.0,-25.0,-34.0,0.0,0.0
2017-02-28,0.0,19.0,-5.0,0.0,-25.0,5.0,12.0,-24.0,-31.0,16.0,-13.0,21.0,-28.0,0.0,0.0
2017-03-01,0.0,23.0,-6.0,38.0,-32.0,6.0,0.0,31.0,0.0,19.0,0.0,-26.0,-35.0,0.0,0.0
2017-03-02,0.0,23.0,-6.0,39.0,-31.0,0.0,0.0,31.0,-38.0,19.0,0.0,-26.0,-35.0,0.0,0.0
2017-03-03,0.0,35.0,-9.0,0.0,-47.0,0.0,0.0,47.0,0.0,29.0,0.0,-39.0,0.0,0.0,0.0
2017-03-06,60.0,0.0,-9.0,0.0,-47.0,0.0,0.0,47.0,0.0,29.0,0.0,0.0,-51.0,0.0,0.0
2017-03-07,40.0,-23.0,-6.0,39.0,0.0,6.0,0.0,32.0,0.0,19.0,0.0,-25.0,-33.0,0.0,0.0
2017-03-08,0.0,-35.0,0.0,59.0,-48.0,0.0,0.0,48.0,0.0,28.0,0.0,0.0,-50.0,0.0,0.0
2017-03-09,62.0,0.0,-9.0,0.0,0.0,0.0,0.0,48.0,0.0,28.0,0.0,-40.0,-52.0,0.0,0.0
2017-03-10,43.0,0.0,-6.0,0.0,33.0,-6.0,14.0,0.0,41.0,19.0,0.0,-27.0,-34.0,0.0,0.0
2017-03-13,0.0,0.0,-9.0,0.0,49.0,0.0,0.0,0.0,63.0,28.0,0.0,-41.0,-52.0,0.0,0.0
2017-03-14,56.0,0.0,-8.0,53.0,-40.0,0.0,0.0,0.0,0.0,23.0,0.0,-35.0,-44.0,0.0,0.0
2017-03-15,56.0,0.0,-8.0,53.0,0.0,0.0,0.0,0.0,54.0,23.0,0.0,-35.0,-44.0,0.0,0.0
2017-03-16,56.0,0.0,-8.0,53.0,39.0,0.0,0.0,0.0,0.0,23.0,0.0,-35.0,-44.0,0.0,0.0
2017-03-17,49.0,0.0,-7.0,47.0,34.0,0.0,0.0,0.0,46.0,20.0,0.0,-30.0,-37.0,0.0,0.0
2017-03-20,39.0,0.0,-5.0,37.0,0.0,-5.0,13.0,0.0,37.0,16.0,-14.0,-24.0,-30.0,0.0,0.0
2017-03-21,0.0,0.0,-5.0,35.0,25.0,-5.0,12.0,26.0,34.0,15.0,-13.0,-22.0,-28.0,0.0,0.0
2017-03-22,0.0,0.0,-6.0,43.0,32.0,-6.0,14.0,0.0,41.0,18.0,0.0,-27.0,-35.0,0.0,0.0
2017-03-23,0.0,0.0,-7.0,43.0,0.0,0.0,14.0,-33.0,41.0,18.0,19.0,-27.0,-35.0,0.0,0.0
2017-03-24,-33.0,-18.0,-5.0,33.0,27.0,0.0,11.0,-25.0,32.0,13.0,14.0,-20.0,-26.0,0.0,0.0
2017-03-27,0.0,0.0,-6.0,39.0,32.0,-5.0,13.0,-30.0,39.0,16.0,0.0,-25.0,-32.0,0.0,0.0
2017-03-28,-37.0,-20.0,-6.0,37.0,30.0,-5.0,12.0,-28.0,36.0,15.0,0.0,-23.0,0.0,0.0,0.0
2017-03-29,-37.0,-20.0,-6.0,0.0,30.0,-5.0,12.0,29.0,35.0,15.0,0.0,-23.0,29.0,0.0,0.0
2017-03-30,-40.0,-21.0,-6.0,0.0,32.0,-5.0,13.0,0.0,38.0,16.0,0.0,-24.0,32.0,0.0,0.0
2017-03-31,-40.0,0.0,-6.0,0.0,32.0,-5.0,13.0,31.0,38.0,16.0,0.0,-24.0,32.0,0.0,0.0
2017-04-05,0.0,0.0,-6.0,39.0,32.0,-5.0,-13.0,0.0,38.0,16.0,18.0,-24.0,32.0,0.0,0.0
2017-04-06,-33.0,-18.0,-5.0,31.0,26.0,-4.0,-10.0,26.0,0.0,13.0,15.0,-20.0,27.0,0.0,0.0
2017-04-07,-36.0,0.0,-5.0,34.0,29.0,0.0,-11.0,29.0,-33.0,14.0,16.0,-22.0,29.0,0.0,0.0
2017-04-10,-49.0,0.0,-8.0,48.0,41.0,0.0,0.0,41.0,46.0,0.0,24.0,-30.0,0.0,0.0,0.0
2017-04-11,-39.0,22.0,-6.0,39.0,33.0,-6.0,0.0,0.0,37.0,0.0,19.0,-25.0,-33.0,0.0,0.0
2017-04-12,-43.0,24.0,-7.0,45.0,37.0,0.0,0.0,0.0,44.0,0.0,21.0,-28.0,-37.0,0.0,0.0
2017-04-13,-66.0,0.0,-11.0,68.0,0.0,0.0,0.0,0.0,65.0,0.0,33.0,-42.0,0.0,0.0,0.0
2017-04-14,-44.0,25.0,-7.0,0.0,38.0,0.0,0.0,-38.0,44.0,0.0,22.0,-28.0,38.0,0.0,0.0
2017-04-17,-44.0,25.0,-7.0,47.0,38.0,0.0,0.0,-38.0,44.0,0.0,0.0,-28.0,38.0,0.0,0.0
2017-04-18,-49.0,28.0,-8.0,0.0,43.0,-8.0,0.0,-42.0,50.0,0.0,25.0,0.0,0.0,0.0,0.0
2017-04-19,-39.0,23.0,-7.0,42.0,35.0,0.0,0.0,-35.0,40.0,0.0,21.0,-26.0,36.0,0.0,0.0
2017-04-20,-39.0,23.0,-7.0,-42.0,35.0,6.0,0.0,-35.0,40.0,19.0,0.0,0.0,36.0,0.0,0.0
2017-04-21,-50.0,28.0,-8.0,0.0,43.0,8.0,0.0,0.0,0.0,23.0,0.0,-32.0,45.0,0.0,0.0
2017-04-24,-57.0,33.0,-10.0,0.0,49.0,0.0,0.0,0.0,58.0,26.0,0.0,0.0,50.0,0.0,0.0
2017-04-25,-67.0,39.0,-11.0,0.0,0.0,0.0,0.0,0.0,68.0,32.0,0.0,0.0,60.0,0.0,0.0
2017-04-26,0.0,33.0,-10.0,61.0,0.0,-9.0,0.0,-48.0,0.0,27.0,0.0,0.0,52.0,0.0,0.0
2017-04-27,0.0,46.0,-14.0,0.0,0.0,0.0,0.0,-66.0,0.0,38.0,0.0,0.0,72.0,0.0,0.0
2017-04-28,-51.0,0.0,-9.0,52.0,0.0,8.0,0.0,-41.0,0.0,24.0,0.0,-32.0,43.0,0.0,0.0
2017-05-02,0.0,0.0,-9.0,52.0,0.0,8.0,0.0,-41.0,0.0,24.0,-24.0,-32.0,43.0,0.0,0.0
2017-05-03,0.0,0.0,-8.0,52.0,0.0,8.0,0.0,-41.0,0.0,24.0,-24.0,-32.0,43.0,0.0,0.0
2017-05-04,0.0,0.0,-8.0,52.0,0.0,8.0,0.0,-41.0,-47.0,24.0,0.0,-32.0,43.0,0.0,0.0
2017-05-05,0.0,-29.0,-8.0,52.0,0.0,8.0,0.0,0.0,-47.0,24.0,0.0,-32.0,45.0,0.0,0.0
2017-05-08,0.0,0.0,-8.0,0.0,0.0,8.0,18.0,-38.0,-46.0,22.0,-24.0,-30.0,40.0,0.0,0.0
2017-05-09,-52.0,0.0,0.0,0.0,0.0,8.0,20.0,-43.0,-51.0,0.0,-27.0,-33.0,44.0,0.0,0.0
2017-05-10,0.0,-25.0,-8.0,49.0,0.0,7.0,18.0,0.0,-45.0,0.0,-24.0,-29.0,38.0,0.0,0.0
2017-05-11,0.0,29.0,-9.0,56.0,0.0,8.0,20.0,0.0,-51.0,0.0,-26.0,-34.0,0.0,0.0,0.0
2017-05-12,-59.0,0.0,-10.0,64.0,0.0,9.0,23.0,-48.0,0.0,0.0,-31.0,0.0,0.0,0.0,0.0
2017-05-15,0.0,0.0,-7.0,45.0,34.0,7.0,16.0,0.0,-41.0,-20.0,-22.0,-27.0,35.0,0.0,0.0
2017-05-16,-37.0,-20.0,-7.0,40.0,30.0,6.0,15.0,0.0,0.0,-18.0,-20.0,-24.0,31.0,0.0,0.0
2017-05-17,-37.0,-20.0,0.0,40.0,30.0,6.0,15.0,0.0,-36.0,-18.0,-20.0,-24.0,31.0,0.0,0.0
2017-05-18,0.0,-22.0,-7.0,43.0,32.0,6.0,16.0,-33.0,-39.0,-19.0,-21.0,0.0,0.0,0.0,0.0
2017-05-19,0.0,-22.0,-7.0,43.0,32.0,6.0,16.0,-33.0,0.0,-19.0,-21.0,0.0,-33.0,0.0,0.0
2017-05-22,45.0,-24.0,0.0,0.0,34.0,7.0,18.0,0.0,-43.0,-21.0,-23.0,0.0,-36.0,0.0,0.0
2017-05-23,45.0,0.0,0.0,0.0,34.0,7.0,18.0,0.0,-43.0,-21.0,-23.0,27.0,-36.0,0.0,0.0
2017-05-24,0.0,0.0,-8.0,0.0,34.0,7.0,18.0,0.0,-43.0,-21.0,-23.0,27.0,-36.0,0.0,0.0
2017-05-25,0.0,0.0,-9.0,0.0,39.0,8.0,20.0,0.0,0.0,-24.0,-27.0,31.0,-41.0,0.0,0.0
2017-05-26,-45.0,0.0,-8.0,0.0,35.0,7.0,18.0,0.0,0.0,-21.0,-25.0,27.0,-37.0,0.0,0.0
2017-05-31,0.0,0.0,-8.0,0.0,35.0,7.0,18.0,0.0,45.0,-21.0,-25.0,27.0,-37.0,0.0,0.0
2017-06-01,-52.0,28.0,0.0,56.0,0.0,9.0,22.0,0.0,0.0,-24.0,-29.0,0.0,-42.0,0.0,0.0
2017-06-02,-52.0,0.0,0.0,56.0,40.0,9.0,22.0,0.0,0.0,-24.0,-29.0,0.0,-42.0,0.0,0.0
2017-06-05,-42.0,22.0,-8.0,45.0,33.0,7.0,18.0,0.0,0.0,-19.0,-23.0,0.0,-34.0,0.0,0.0
2017-06-06,-42.0,0.0,-8.0,45.0,33.0,7.0,18.0,34.0,0.0,-19.0,-23.0,0.0,-34.0,0.0,0.0
2017-06-07,-35.0,0.0,-7.0,36.0,28.0,6.0,14.0,28.0,-35.0,-16.0,-19.0,22.0,-29.0,0.0,0.0
2017-06-08,-38.0,0.0,-7.0,39.0,31.0,6.0,16.0,31.0,0.0,-17.0,-21.0,24.0,-31.0,0.0,0.0
2017-06-09,-38.0,20.0,-7.0,39.0,31.0,6.0,16.0,0.0,0.0,-17.0,-21.0,24.0,-31.0,0.0,0.0
2017-06-12,-41.0,0.0,-8.0,43.0,33.0,7.0,18.0,0.0,0.0,-18.0,-24.0,26.0,-34.0,0.0,0.0
2017-06-13,-46.0,-24.0,-9.0,48.0,37.0,0.0,19.0,36.0,0.0,-20.0,-26.0,0.0,0.0,0.0,0.0
2017-06-14,-51.0,0.0,-10.0,54.0,43.0,0.0,22.0,42.0,0.0,-22.0,-30.0,0.0,0.0,0.0,0.0
2017-06-15,-51.0,0.0,-10.0,54.0,43.0,0.0,22.0,0.0,0.0,-22.0,-30.0,32.0,0.0,0.0,0.0
2017-06-16,-46.0,25.0,-9.0,48.0,36.0,0.0,19.0,0.0,-48.0,0.0,-26.0,0.0,38.0,0.0,0.0
2017-06-19,-46.0,0.0,-9.0,48.0,36.0,0.0,19.0,35.0,-48.0,0.0,-26.0,0.0,38.0,0.0,0.0
2017-06-20,-51.0,0.0,-10.0,53.0,40.0,0.0,21.0,0.0,-54.0,0.0,-29.0,0.0,43.0,0.0,0.0
2017-06-21,-51.0,0.0,-10.0,53.0,40.0,0.0,21.0,0.0,-54.0,0.0,-29.0,0.0,43.0,0.0,0.0
2017-06-22,-51.0,0.0,-10.0,0.0,41.0,0.0,21.0,0.0,-54.0,0.0,-29.0,33.0,42.0,0.0,0.0
2017-06-23,-42.0,0.0,-8.0,43.0,33.0,6.0,16.0,31.0,-44.0,0.0,-24.0,0.0,34.0,0.0,0.0
2017-06-26,-46.0,0.0,-9.0,48.0,36.0,0.0,18.0,34.0,-49.0,0.0,-26.0,0.0,37.0,0.0,0.0
2017-06-27,-46.0,0.0,-9.0,48.0,35.0,0.0,18.0,0.0,-49.0,0.0,-26.0,29.0,37.0,0.0,0.0
2017-06-28,-46.0,0.0,-9.0,48.0,35.0,0.0,18.0,33.0,-49.0,0.0,-26.0,0.0,37.0,0.0,0.0
2017-06-29,0.0,0.0,-10.0,55.0,38.0,0.0,19.0,0.0,-54.0,0.0,-27.0,32.0,40.0,0.0,0.0
2017-06-30,-46.0,-25.0,-8.0,0.0,34.0,6.0,0.0,33.0,-47.0,0.0,-23.0,0.0,35.0,0.0,0.0
2017-07-03,0.0,-37.0,-12.0,71.0,0.0,0.0,0.0,49.0,-71.0,0.0,0.0,0.0,52.0,0.0,0.0
2017-07-04,-46.0,25.0,-8.0,-46.0,33.0,0.0,0.0,32.0,-47.0,0.0,0.0,-28.0,35.0,0.0,0.0
2017-07-05,-69.0,38.0,-13.0,0.0,0.0,-9.0,0.0,49.0,0.0,0.0,0.0,0.0,53.0,0.0,0.0
2017-07-06,-58.0,32.0,-11.0,0.0,0.0,-8.0,0.0,42.0,-60.0,0.0,0.0,36.0,0.0,0.0,0.0
2017-07-07,-67.0,37.0,-13.0,-68.0,0.0,0.0,0.0,49.0,-70.0,0.0,0.0,0.0,0.0,0.0,0.0
2017-07-10,-58.0,32.0,-11.0,-58.0,42.0,0.0,0.0,41.0,-60.0,0.0,0.0,0.0,0.0,0.0,0.0
2017-07-11,-51.0,28.0,-10.0,0.0,36.0,0.0,0.0,36.0,-53.0,0.0,0.0,31.0,-38.0,0.0,0.0
2017-07-12,-48.0,28.0,-10.0,0.0,36.0,0.0,0.0,36.0,-53.0,0.0,0.0,31.0,-37.0,0.0,0.0
2017-07-13,-42.0,24.0,-8.0,-45.0,0.0,0.0,16.0,31.0,-45.0,0.0,0.0,28.0,-34.0,0.0,0.0
2017-07-14,-34.0,20.0,-7.0,-37.0,-25.0,5.0,13.0,25.0,-37.0,0.0,0.0,23.0,-27.0,0.0,0.0
2017-07-17,-46.0,0.0,-9.0,-50.0,0.0,0.0,18.0,35.0,-50.0,0.0,26.0,31.0,0.0,0.0,0.0
2017-07-18,-41.0,24.0,-8.0,0.0,31.0,0.0,0.0,30.0,-43.0,0.0,22.0,27.0,-34.0,0.0,0.0
2017-07-19,-37.0,22.0,-7.0,-40.0,28.0,0.0,0.0,27.0,-39.0,0.0,19.0,24.0,-30.0,0.0,0.0
2017-07-20,-46.0,0.0,-9.0,0.0,0.0,0.0,-17.0,34.0,-48.0,20.0,23.0,30.0,0.0,0.0,0.0
2017-07-21,0.0,-30.0,-10.0,0.0,41.0,0.0,0.0,39.0,-56.0,0.0,28.0,-34.0,0.0,0.0,0.0
2017-07-24,0.0,-26.0,-9.0,-50.0,35.0,0.0,0.0,34.0,0.0,0.0,24.0,-29.0,-36.0,0.0,0.0
2017-07-25,0.0,-26.0,-9.0,-50.0,35.0,0.0,0.0,35.0,-49.0,0.0,24.0,-29.0,0.0,0.0,0.0
2017-07-26,0.0,-30.0,-10.0,-58.0,40.0,0.0,0.0,39.0,-54.0,0.0,27.0,0.0,0.0,0.0,0.0
2017-07-27,39.0,-21.0,-7.0,42.0,28.0,0.0,0.0,27.0,-38.0,0.0,19.0,-24.0,-29.0,0.0,0.0
2017-07-28,48.0,0.0,-9.0,0.0,35.0,0.0,-16.0,0.0,-47.0,21.0,24.0,0.0,-36.0,0.0,0.0
2017-07-31,39.0,-21.0,0.0,0.0,28.0,-5.0,0.0,27.0,-38.0,17.0,19.0,-24.0,-29.0,0.0,0.0
2017-08-01,39.0,21.0,-8.0,0.0,27.0,-5.0,-12.0,26.0,-38.0,17.0,0.0,0.0,-29.0,0.0,0.0
2017-08-02,39.0,-21.0,0.0,-41.0,27.0,-5.0,-12.0,27.0,0.0,17.0,18.0,0.0,-29.0,0.0,0.0
2017-08-03,39.0,21.0,-7.0,-41.0,0.0,-5.0,0.0,27.0,-37.0,17.0,18.0,0.0,-29.0,0.0,0.0
2017-08-04,39.0,0.0,-7.0,-41.0,-26.0,-5.0,0.0,26.0,0.0,17.0,18.0,24.0,-28.0,0.0,0.0
2017-08-07,39.0,0.0,-7.0,-41.0,-26.0,-5.0,13.0,0.0,0.0,17.0,18.0,24.0,-28.0,0.0,0.0
2017-08-08,32.0,-17.0,-5.0,-32.0,-20.0,-4.0,11.0,21.0,31.0,0.0,15.0,20.0,-23.0,0.0,0.0
2017-08-09,35.0,-19.0,-6.0,-34.0,23.0,-4.0,0.0,23.0,0.0,15.0,17.0,21.0,-24.0,0.0,0.0
2017-08-10,47.0,0.0,-8.0,-47.0,31.0,-6.0,0.0,0.0,0.0,0.0,22.0,28.0,-34.0,0.0,0.0
2017-08-11,42.0,0.0,-7.0,-41.0,28.0,-5.0,0.0,28.0,0.0,0.0,20.0,25.0,-30.0,0.0,0.0
2017-08-14,35.0,19.0,-6.0,-35.0,0.0,-4.0,11.0,23.0,35.0,0.0,17.0,-21.0,-25.0,0.0,0.0
2017-08-15,0.0,21.0,-6.0,-38.0,0.0,-5.0,13.0,26.0,39.0,0.0,19.0,-23.0,-28.0,0.0,0.0
2017-08-16,39.0,21.0,-6.0,-38.0,0.0,-5.0,13.0,26.0,0.0,0.0,19.0,-23.0,-28.0,0.0,0.0
2017-08-17,39.0,21.0,-6.0,-38.0,0.0,0.0,13.0,26.0,-38.0,0.0,19.0,-23.0,-28.0,0.0,0.0
2017-08-18,0.0,0.0,-9.0,-53.0,38.0,0.0,0.0,36.0,-53.0,0.0,26.0,0.0,-40.0,0.0,0.0
2017-08-21,0.0,-23.0,-7.0,-41.0,29.0,5.0,0.0,28.0,-41.0,0.0,19.0,0.0,-30.0,0.0,0.0
2017-08-22,0.0,-25.0,-8.0,-46.0,32.0,0.0,0.0,31.0,0.0,0.0,21.0,28.0,-34.0,0.0,0.0
2017-08-23,0.0,-25.0,-8.0,-46.0,32.0,0.0,0.0,31.0,-46.0,0.0,21.0,28.0,0.0,0.0,0.0
2017-08-24,0.0,-25.0,-8.0,-46.0,32.0,-5.0,0.0,31.0,0.0,0.0,21.0,28.0,0.0,0.0,0.0
2017-08-25,0.0,-22.0,-7.0,-41.0,29.0,-5.0,0.0,28.0,-41.0,0.0,19.0,24.0,0.0,0.0,0.0
2017-08-28,0.0,0.0,-7.0,-41.0,28.0,-5.0,-12.0,27.0,-41.0,0.0,19.0,24.0,0.0,0.0,0.0
2017-08-29,0.0,0.0,-8.0,-45.0,32.0,-5.0,-14.0,31.0,-46.0,0.0,22.0,0.0,0.0,0.0,0.0
2017-08-30,47.0,-25.0,-8.0,-44.0,32.0,-5.0,0.0,31.0,0.0,0.0,22.0,0.0,0.0,0.0,0.0
2017-08-31,0.0,-28.0,-9.0,-50.0,37.0,-6.0,0.0,35.0,0.0,0.0,26.0,0.0,0.0,0.0,0.0
2017-09-01,0.0,-28.0,-9.0,-50.0,37.0,0.0,-17.0,35.0,0.0,0.0,26.0,0.0,0.0,0.0,0.0
2017-09-04,0.0,-21.0,-7.0,-38.0,0.0,5.0,13.0,26.0,41.0,0.0,19.0,-23.0,0.0,0.0,0.0
2017-09-05,0.0,-32.0,-10.0,-57.0,0.0,0.0,20.0,0.0,64.0,0.0,29.0,0.0,0.0,0.0,0.0
2017-09-06,37.0,-19.0,-6.0,-34.0,0.0,4.0,12.0,0.0,38.0,0.0,17.0,-21.0,-25.0,0.0,0.0
2017-09-07,42.0,-22.0,-6.0,-38.0,28.0,0.0,13.0,0.0,43.0,0.0,20.0,0.0,-28.0,0.0,0.0
2017-09-08,42.0,0.0,-6.0,-38.0,0.0,-5.0,13.0,26.0,43.0,0.0,20.0,0.0,-28.0,0.0,0.0
2017-09-11,0.0,0.0,-6.0,-38.0,0.0,-5.0,13.0,26.0,43.0,0.0,21.0,24.0,-28.0,0.0,0.0
2017-09-12,0.0,25.0,-8.0,-44.0,0.0,-5.0,14.0,0.0,50.0,0.0,23.0,0.0,-33.0,0.0,0.0
2017-09-13,0.0,0.0,-8.0,-42.0,0.0,-5.0,14.0,30.0,50.0,0.0,23.0,0.0,-33.0,0.0,0.0
2017-09-14,0.0,0.0,-7.0,-43.0,0.0,-5.0,14.0,30.0,50.0,0.0,23.0,0.0,-33.0,0.0,0.0
2017-09-15,0.0,29.0,-9.0,0.0,0.0,-6.0,17.0,35.0,0.0,0.0,28.0,0.0,-39.0,0.0,0.0
2017-09-18,0.0,26.0,-8.0,45.0,-33.0,-5.0,16.0,-31.0,0.0,0.0,25.0,0.0,0.0,0.0,0.0
2017-09-19,0.0,20.0,-7.0,36.0,-26.0,-5.0,13.0,-25.0,0.0,16.0,20.0,-22.0,0.0,0.0,0.0
2017-09-20,0.0,-17.0,-6.0,30.0,-22.0,-4.0,11.0,-21.0,34.0,13.0,17.0,-19.0,24.0,0.0,0.0
2017-09-21,0.0,-17.0,-6.0,30.0,-22.0,-4.0,11.0,-21.0,34.0,13.0,17.0,-19.0,24.0,0.0,0.0
2017-09-22,0.0,0.0,-6.0,34.0,-25.0,-4.0,12.0,-23.0,37.0,14.0,19.0,-21.0,27.0,0.0,0.0
2017-09-25,0.0,19.0,-6.0,0.0,-25.0,4.0,12.0,-23.0,-37.0,14.0,19.0,-21.0,27.0,0.0,0.0
2017-09-26,34.0,0.0,-6.0,34.0,-25.0,4.0,12.0,-23.0,-37.0,0.0,19.0,-21.0,27.0,0.0,0.0
2017-09-27,31.0,-17.0,-6.0,31.0,-23.0,4.0,12.0,-22.0,-33.0,0.0,18.0,-19.0,24.0,0.0,0.0
2017-09-28,38.0,0.0,-7.0,0.0,-27.0,5.0,14.0,-26.0,-40.0,0.0,21.0,-22.0,29.0,0.0,0.0
2017-09-29,38.0,-21.0,-7.0,38.0,-27.0,5.0,14.0,-26.0,0.0,0.0,21.0,-22.0,0.0,0.0,0.0
2017-10-09,56.0,-30.0,-11.0,0.0,-39.0,0.0,21.0,0.0,0.0,0.0,31.0,-32.0,0.0,0.0,0.0
2017-10-10,43.0,0.0,-8.0,0.0,-30.0,0.0,17.0,-28.0,47.0,-18.0,25.0,-25.0,0.0,0.0,0.0
2017-10-11,35.0,-19.0,-7.0,0.0,-26.0,5.0,14.0,-24.0,38.0,-15.0,21.0,-21.0,0.0,0.0,0.0
2017-10-12,39.0,-21.0,-8.0,0.0,-28.0,6.0,15.0,-26.0,0.0,-16.0,23.0,-23.0,0.0,0.0,0.0
2017-10-13,43.0,-23.0,-8.0,43.0,-30.0,6.0,16.0,-28.0,0.0,0.0,0.0,-26.0,0.0,0.0,0.0
2017-10-16,0.0,-21.0,-7.0,38.0,-26.0,5.0,14.0,-24.0,0.0,0.0,22.0,-22.0,31.0,0.0,0.0
2017-10-17,0.0,-21.0,-7.0,38.0,-26.0,5.0,14.0,-24.0,0.0,0.0,22.0,-22.0,31.0,0.0,0.0
2017-10-18,35.0,-18.0,-7.0,34.0,-24.0,5.0,13.0,-22.0,0.0,0.0,20.0,-20.0,28.0,0.0,0.0
2017-10-19,0.0,-18.0,-7.0,34.0,-24.0,5.0,13.0,-22.0,38.0,0.0,20.0,-20.0,28.0,0.0,0.0
2017-10-20,0.0,-18.0,-7.0,34.0,-24.0,5.0,13.0,-22.0,38.0,0.0,20.0,-20.0,28.0,0.0,0.0
2017-10-23,0.0,-22.0,-8.0,40.0,-29.0,6.0,16.0,-27.0,46.0,0.0,0.0,-24.0,0.0,0.0,0.0
2017-10-24,0.0,-25.0,-9.0,0.0,0.0,7.0,19.0,-31.0,52.0,20.0,0.0,-28.0,0.0,0.0,0.0
2017-10-25,39.0,-20.0,-7.0,0.0,-27.0,6.0,15.0,-25.0,0.0,16.0,22.0,-22.0,0.0,0.0,0.0
2017-10-26,0.0,-22.0,-8.0,0.0,-30.0,6.0,17.0,-27.0,-45.0,18.0,24.0,0.0,0.0,0.0,0.0
2017-10-27,0.0,0.0,-9.0,0.0,-34.0,7.0,19.0,0.0,-50.0,20.0,28.0,-28.0,0.0,0.0,0.0
2017-10-30,0.0,21.0,-8.0,37.0,-28.0,6.0,15.0,-26.0,40.0,0.0,23.0,-23.0,0.0,0.0,0.0
2017-10-31,0.0,21.0,-8.0,37.0,-28.0,6.0,15.0,-26.0,0.0,-16.0,23.0,-23.0,0.0,0.0,0.0
2017-11-01,0.0,19.0,-7.0,34.0,-25.0,5.0,14.0,-23.0,36.0,-15.0,21.0,0.0,-29.0,0.0,0.0
2017-11-02,0.0,23.0,-8.0,0.0,-31.0,7.0,17.0,0.0,45.0,-18.0,26.0,0.0,-36.0,0.0,0.0
2017-11-03,35.0,19.0,-7.0,0.0,-25.0,5.0,13.0,24.0,-37.0,0.0,21.0,-21.0,-29.0,0.0,0.0
2017-11-06,48.0,0.0,-9.0,0.0,0.0,7.0,18.0,33.0,-50.0,0.0,28.0,0.0,-40.0,0.0,0.0
2017-11-07,54.0,0.0,-10.0,0.0,-38.0,8.0,20.0,36.0,0.0,0.0,0.0,0.0,-44.0,0.0,0.0
2017-11-08,42.0,0.0,-8.0,0.0,30.0,0.0,16.0,28.0,0.0,-18.0,24.0,-24.0,-34.0,0.0,0.0
2017-11-09,47.0,0.0,-9.0,0.0,34.0,0.0,18.0,32.0,-49.0,0.0,0.0,-27.0,-39.0,0.0,0.0
2017-11-10,42.0,22.0,-8.0,-39.0,30.0,6.0,15.0,0.0,-44.0,0.0,0.0,-24.0,0.0,0.0,0.0
2017-11-13,47.0,0.0,-9.0,-44.0,33.0,7.0,17.0,0.0,0.0,-19.0,0.0,-28.0,0.0,0.0,0.0
2017-11-14,0.0,-25.0,-9.0,-44.0,33.0,7.0,17.0,0.0,0.0,-19.0,0.0,0.0,39.0,0.0,0.0
2017-11-15,0.0,0.0,-14.0,-69.0,53.0,11.0,27.0,0.0,0.0,0.0,0.0,0.0,0.0,0.0,0.0
2017-11-16,0.0,0.0,-13.0,-58.0,45.0,9.0,24.0,-41.0,0.0,0.0,0.0,0.0,0.0,0.0,0.0
2017-11-17,0.0,-42.0,-15.0,-70.0,54.0,0.0,29.0,0.0,0.0,0.0,0.0,0.0,0.0,0.0,0.0
2017-11-20,0.0,0.0,-15.0,-70.0,54.0,0.0,29.0,0.0,0.0,0.0,0.0,0.0,-67.0,0.0,0.0
2017-11-21,0.0,0.0,-15.0,-70.0,54.0,-10.0,29.0,0.0,0.0,0.0,0.0,0.0,0.0,0.0,0.0
2017-11-22,0.0,0.0,-12.0,0.0,44.0,-9.0,23.0,0.0,-62.0,0.0,0.0,36.0,0.0,0.0,0.0
2017-11-23,0.0,-34.0,-12.0,56.0,44.0,0.0,0.0,0.0,-62.0,0.0,0.0,36.0,0.0,0.0,0.0
2017-11-24,0.0,-26.0,-9.0,42.0,33.0,0.0,0.0,31.0,-45.0,0.0,-25.0,27.0,0.0,0.0,0.0
2017-11-27,0.0,0.0,-8.0,0.0,29.0,-6.0,-14.0,28.0,-40.0,0.0,-22.0,24.0,-35.0,0.0,0.0
2017-11-28,0.0,21.0,-7.0,35.0,26.0,-5.0,-13.0,26.0,-37.0,0.0,-20.0,0.0,-33.0,0.0,0.0
2017-11-29,-41.0,24.0,0.0,0.0,29.0,-6.0,-14.0,28.0,-41.0,0.0,0.0,25.0,-36.0,0.0,0.0
2017-11-30,0.0,19.0,-6.0,31.0,23.0,-4.0,-11.0,23.0,-34.0,0.0,-18.0,20.0,-29.0,0.0,0.0
2017-12-01,0.0,19.0,-6.0,31.0,23.0,-4.0,-11.0,23.0,-33.0,0.0,-18.0,20.0,-30.0,0.0,0.0
2017-12-04,-36.0,0.0,0.0,34.0,25.0,-5.0,-12.0,25.0,-36.0,0.0,-19.0,22.0,-32.0,0.0,0.0
2017-12-05,0.0,0.0,-8.0,0.0,31.0,-6.0,-15.0,31.0,0.0,0.0,-23.0,27.0,-39.0,0.0,0.0
2017-12-06,0.0,0.0,-8.0,0.0,28.0,-5.0,-14.0,27.0,-40.0,0.0,-21.0,24.0,-35.0,0.0,0.0
2017-12-07,0.0,0.0,-9.0,0.0,32.0,-6.0,-15.0,32.0,0.0,0.0,-24.0,27.0,-38.0,0.0,0.0
2017-12-08,37.0,21.0,-7.0,0.0,26.0,-5.0,-13.0,26.0,-38.0,0.0,20.0,0.0,-31.0,0.0,0.0
2017-12-11,41.0,0.0,-8.0,0.0,29.0,-5.0,15.0,28.0,-42.0,0.0,-22.0,0.0,-33.0,0.0,0.0
2017-12-12,34.0,19.0,-6.0,32.0,23.0,-4.0,0.0,23.0,-34.0,0.0,-18.0,-20.0,-27.0,0.0,0.0
2017-12-13,0.0,0.0,-8.0,38.0,29.0,-5.0,0.0,28.0,-43.0,0.0,-22.0,-24.0,-33.0,0.0,0.0
2017-12-14,0.0,19.0,-6.0,31.0,24.0,-4.0,12.0,24.0,-35.0,0.0,-18.0,-20.0,-27.0,0.0,0.0
2017-12-15,31.0,18.0,-6.0,29.0,22.0,-4.0,11.0,22.0,-32.0,0.0,-17.0,-19.0,-25.0,0.0,0.0
2017-12-18,38.0,0.0,-7.0,35.0,26.0,-5.0,13.0,25.0,-38.0,0.0,-20.0,0.0,-30.0,0.0,0.0
2017-12-19,0.0,0.0,-8.0,38.0,29.0,-5.0,0.0,28.0,-42.0,0.0,-21.0,-24.0,-33.0,0.0,0.0
2017-12-20,0.0,-23.0,0.0,38.0,29.0,-5.0,0.0,28.0,-42.0,0.0,-21.0,-24.0,-33.0,0.0,0.0
2017-12-21,0.0,-26.0,-9.0,42.0,33.0,0.0,0.0,33.0,-47.0,0.0,-24.0,0.0,-37.0,0.0,0.0
2017-12-22,34.0,-19.0,-6.0,31.0,24.0,4.0,0.0,23.0,-35.0,0.0,-17.0,-20.0,-28.0,0.0,0.0
2017-12-25,37.0,-21.0,0.0,34.0,25.0,0.0,12.0,25.0,-39.0,0.0,-18.0,-22.0,-30.0,0.0,0.0
2017-12-26,0.0,-21.0,0.0,34.0,25.0,5.0,12.0,25.0,-39.0,0.0,-18.0,-22.0,-31.0,0.0,0.0
2017-12-27,0.0,-21.0,0.0,34.0,26.0,5.0,12.0,25.0,-39.0,0.0,-18.0,-21.0,-31.0,0.0,0.0
2017-12-28,41.0,-23.0,0.0,39.0,0.0,6.0,14.0,0.0,-42.0,0.0,-22.0,-24.0,-34.0,0.0,0.0
2017-12-29,0.0,-20.0,0.0,0.0,27.0,5.0,13.0,26.0,-38.0,16.0,-19.0,-22.0,-30.0,0.0,0.0
2018-01-02,0.0,-20.0,0.0,35.0,27.0,5.0,13.0,26.0,-38.0,0.0,-19.0,-22.0,-30.0,0.0,0.0
2018-01-03,-45.0,0.0,0.0,0.0,0.0,6.0,16.0,32.0,-47.0,20.0,-23.0,0.0,-37.0,0.0,0.0
2018-01-04,-40.0,0.0,0.0,38.0,29.0,6.0,0.0,29.0,-42.0,18.0,-21.0,0.0,-33.0,0.0,0.0
2018-01-05,-40.0,0.0,0.0,38.0,29.0,0.0,14.0,29.0,-42.0,0.0,-21.0,23.0,-33.0,0.0,0.0
2018-01-08,-36.0,0.0,0.0,34.0,26.0,5.0,12.0,26.0,-37.0,0.0,-19.0,21.0,-29.0,0.0,0.0
2018-01-09,-32.0,0.0,0.0,30.0,24.0,4.0,11.0,24.0,-34.0,14.0,-16.0,19.0,-27.0,0.0,0.0
2018-01-10,-29.0,-17.0,-6.0,28.0,22.0,4.0,10.0,22.0,-31.0,0.0,-15.0,18.0,-25.0,0.0,0.0
2018-01-11,-32.0,-18.0,-6.0,31.0,0.0,4.0,11.0,23.0,-33.0,0.0,-16.0,19.0,-27.0,0.0,0.0
2018-01-12,-27.0,-15.0,-5.0,26.0,20.0,4.0,9.0,20.0,-28.0,12.0,-14.0,16.0,-23.0,0.0,0.0
2018-01-15,0.0,-18.0,-6.0,31.0,24.0,5.0,11.0,24.0,-33.0,14.0,-17.0,0.0,-27.0,0.0,0.0
2018-01-16,0.0,-25.0,0.0,43.0,0.0,6.0,16.0,33.0,-45.0,0.0,-23.0,0.0,-37.0,0.0,0.0
2018-01-17,32.0,18.0,-6.0,32.0,0.0,5.0,12.0,24.0,-33.0,0.0,-17.0,-19.0,-27.0,0.0,0.0
2018-01-18,32.0,18.0,0.0,32.0,-24.0,5.0,12.0,24.0,-33.0,0.0,-17.0,-19.0,-28.0,0.0,0.0
2018-01-19,32.0,19.0,0.0,32.0,-24.0,5.0,12.0,24.0,-33.0,0.0,-17.0,-19.0,-27.0,0.0,0.0
2018-01-22,36.0,0.0,0.0,36.0,-25.0,5.0,13.0,25.0,-36.0,0.0,-18.0,-21.0,-30.0,0.0,0.0
2018-01-23,0.0,22.0,0.0,39.0,-28.0,0.0,15.0,0.0,-40.0,-17.0,-21.0,24.0,-33.0,0.0,0.0
2018-01-24,0.0,18.0,-7.0,32.0,-23.0,5.0,12.0,-23.0,-33.0,-14.0,-17.0,0.0,-27.0,0.0,0.0
2018-01-25,-32.0,18.0,0.0,32.0,-23.0,5.0,12.0,0.0,-32.0,-14.0,-17.0,19.0,-27.0,0.0,0.0
2018-01-26,-58.0,0.0,0.0,59.0,-42.0,0.0,21.0,0.0,-57.0,0.0,0.0,35.0,0.0,0.0,0.0
2018-01-29,-29.0,17.0,0.0,29.0,-21.0,4.0,11.0,-21.0,-29.0,-12.0,16.0,17.0,-24.0,0.0,0.0
2018-01-30,-44.0,0.0,0.0,44.0,-32.0,0.0,16.0,-32.0,-43.0,0.0,0.0,26.0,-36.0,0.0,0.0
2018-01-31,0.0,29.0,0.0,51.0,-36.0,0.0,18.0,0.0,-49.0,21.0,0.0,0.0,-42.0,0.0,0.0
2018-02-01,-35.0,20.0,0.0,36.0,-26.0,5.0,13.0,0.0,-35.0,15.0,0.0,21.0,-29.0,0.0,0.0
2018-02-02,0.0,0.0,0.0,40.0,-28.0,6.0,14.0,-28.0,-39.0,17.0,0.0,24.0,-33.0,0.0,0.0
2018-02-05,35.0,21.0,0.0,36.0,-25.0,0.0,13.0,-25.0,-35.0,15.0,0.0,21.0,-30.0,0.0,0.0
2018-02-06,44.0,26.0,0.0,45.0,-32.0,0.0,15.0,0.0,-44.0,19.0,0.0,0.0,-37.0,0.0,0.0
2018-02-07,32.0,19.0,-7.0,32.0,0.0,-4.0,11.0,-23.0,-32.0,14.0,0.0,19.0,-27.0,0.0,0.0
2018-02-08,0.0,0.0,0.0,0.0,0.0,-8.0,20.0,0.0,-59.0,25.0,0.0,36.0,-49.0,0.0,0.0
2018-02-09,36.0,0.0,0.0,36.0,-25.0,-5.0,12.0,-25.0,-36.0,15.0,0.0,22.0,-30.0,0.0,0.0
2018-02-12,45.0,0.0,0.0,45.0,0.0,0.0,15.0,-32.0,-46.0,19.0,0.0,27.0,-37.0,0.0,0.0
2018-02-13,36.0,-21.0,0.0,37.0,0.0,5.0,12.0,-25.0,-37.0,16.0,0.0,-22.0,-30.0,0.0,0.0
2018-02-14,36.0,-21.0,0.0,37.0,0.0,5.0,12.0,-25.0,-37.0,16.0,0.0,-22.0,-30.0,0.0,0.0
2018-02-22,0.0,-23.0,0.0,41.0,-28.0,5.0,13.0,0.0,-41.0,17.0,0.0,-24.0,-34.0,0.0,0.0
2018-02-23,0.0,-26.0,-10.0,46.0,0.0,0.0,15.0,0.0,-46.0,19.0,0.0,-27.0,-38.0,0.0,0.0
2018-02-26,0.0,-35.0,0.0,60.0,0.0,0.0,20.0,0.0,-60.0,26.0,0.0,0.0,-51.0,0.0,0.0
2018-02-27,-34.0,-21.0,-8.0,37.0,0.0,0.0,12.0,0.0,-36.0,16.0,18.0,-22.0,-30.0,0.0,0.0
2018-02-28,-34.0,0.0,0.0,37.0,-25.0,0.0,12.0,-24.0,-36.0,16.0,18.0,-22.0,-30.0,0.0,0.0
2018-03-01,-34.0,0.0,0.0,37.0,-25.0,0.0,12.0,-24.0,-36.0,16.0,18.0,-22.0,-30.0,0.0,0.0
2018-03-02,0.0,-23.0,-9.0,42.0,0.0,0.0,13.0,-27.0,-40.0,18.0,20.0,-24.0,0.0,0.0,0.0
2018-03-05,0.0,0.0,0.0,42.0,-28.0,-5.0,13.0,-27.0,-40.0,18.0,20.0,0.0,-33.0,0.0,0.0
2018-03-06,-43.0,-26.0,0.0,0.0,0.0,0.0,15.0,0.0,46.0,20.0,24.0,-27.0,38.0,0.0,0.0
2018-03-07,-38.0,-23.0,0.0,0.0,0.0,0.0,13.0,-27.0,41.0,18.0,21.0,-24.0,34.0,0.0,0.0
2018-03-08,-44.0,0.0,0.0,-47.0,0.0,-6.0,15.0,0.0,46.0,20.0,24.0,-27.0,0.0,0.0,0.0
2018-03-09,-39.0,-24.0,0.0,0.0,0.0,-5.0,14.0,0.0,41.0,18.0,22.0,-25.0,35.0,0.0,0.0
2018-03-12,30.0,-18.0,-7.0,-31.0,-22.0,4.0,11.0,-22.0,0.0,14.0,17.0,-19.0,26.0,0.0,0.0
2018-03-13,0.0,0.0,-10.0,-46.0,-34.0,6.0,16.0,-33.0,0.0,21.0,26.0,0.0,0.0,0.0,0.0
2018-03-14,-45.0,0.0,0.0,0.0,-34.0,0.0,17.0,-33.0,47.0,21.0,26.0,0.0,-40.0,0.0,0.0
2018-03-15,-40.0,-24.0,0.0,0.0,-30.0,0.0,14.0,-29.0,42.0,18.0,23.0,0.0,35.0,0.0,0.0
2018-03-16,-40.0,0.0,-9.0,0.0,-30.0,6.0,14.0,-29.0,42.0,18.0,23.0,0.0,0.0,0.0,0.0
2018-03-19,-40.0,0.0,-9.0,0.0,-30.0,6.0,14.0,-29.0,42.0,18.0,23.0,0.0,0.0,0.0,0.0
2018-03-20,0.0,-24.0,0.0,0.0,-30.0,6.0,14.0,-29.0,0.0,18.0,23.0,-25.0,35.0,0.0,0.0
2018-03-21,0.0,-24.0,-9.0,0.0,-30.0,6.0,14.0,-29.0,0.0,18.0,23.0,0.0,35.0,0.0,0.0
2018-03-22,0.0,-31.0,-12.0,0.0,0.0,7.0,18.0,-38.0,0.0,24.0,0.0,0.0,46.0,0.0,0.0
2018-03-23,-45.0,-27.0,-10.0,0.0,0.0,0.0,16.0,-33.0,45.0,21.0,0.0,0.0,39.0,0.0,0.0
2018-03-26,0.0,-31.0,-13.0,0.0,42.0,0.0,19.0,-40.0,51.0,25.0,0.0,0.0,0.0,0.0,0.0
2018-03-27,-52.0,0.0,0.0,0.0,42.0,8.0,19.0,0.0,0.0,25.0,0.0,-34.0,-45.0,0.0,0.0
2018-03-28,-33.0,20.0,-8.0,34.0,26.0,5.0,12.0,-25.0,0.0,16.0,-20.0,-21.0,0.0,0.0,0.0
2018-03-29,-37.0,22.0,-9.0,0.0,31.0,6.0,14.0,-28.0,0.0,17.0,-23.0,-23.0,0.0,0.0,0.0
2018-03-30,0.0,0.0,-9.0,-37.0,31.0,6.0,13.0,-28.0,-35.0,17.0,-23.0,0.0,-32.0,0.0,0.0
2018-04-02,-41.0,0.0,-10.0,-41.0,33.0,6.0,14.0,-30.0,0.0,19.0,0.0,-26.0,0.0,0.0,0.0
2018-04-03,-31.0,0.0,-7.0,-31.0,25.0,5.0,11.0,-22.0,29.0,15.0,-19.0,-19.0,-26.0,0.0,0.0
2018-04-04,-41.0,24.0,-10.0,-42.0,33.0,0.0,14.0,-30.0,0.0,20.0,0.0,-25.0,0.0,0.0,0.0
2018-04-09,-46.0,0.0,-11.0,0.0,38.0,0.0,16.0,-34.0,0.0,22.0,0.0,-28.0,39.0,0.0,0.0
2018-04-10,-37.0,-22.0,-9.0,0.0,29.0,0.0,13.0,28.0,36.0,18.0,-23.0,-22.0,0.0,0.0,0.0
2018-04-11,-33.0,0.0,-8.0,0.0,27.0,-5.0,12.0,26.0,32.0,16.0,-20.0,-20.0,27.0,0.0,0.0
2018-04-12,-41.0,0.0,-10.0,0.0,0.0,0.0,16.0,32.0,39.0,20.0,-25.0,-25.0,34.0,0.0,0.0
2018-04-13,-33.0,0.0,-8.0,34.0,0.0,-5.0,13.0,26.0,32.0,16.0,-20.0,-20.0,27.0,0.0,0.0
2018-04-16,-33.0,20.0,-8.0,34.0,-26.0,-5.0,0.0,26.0,32.0,16.0,0.0,-20.0,27.0,0.0,0.0
2018-04-17,-41.0,24.0,-10.0,42.0,-33.0,-6.0,0.0,32.0,40.0,0.0,0.0,-25.0,0.0,0.0,0.0
2018-04-18,-45.0,27.0,-11.0,47.0,0.0,-7.0,0.0,36.0,44.0,0.0,0.0,-28.0,0.0,0.0,0.0
2018-04-19,-45.0,0.0,-11.0,47.0,0.0,-7.0,0.0,36.0,44.0,0.0,0.0,-28.0,38.0,0.0,0.0
2018-04-20,-45.0,0.0,-11.0,47.0,0.0,-7.0,0.0,35.0,44.0,0.0,0.0,-28.0,-37.0,0.0,0.0
2018-04-23,-40.0,24.0,-10.0,42.0,0.0,-6.0,0.0,31.0,39.0,0.0,0.0,-25.0,-34.0,0.0,0.0
2018-04-24,-45.0,27.0,-11.0,47.0,0.0,-6.0,0.0,34.0,44.0,0.0,0.0,0.0,-37.0,0.0,0.0
2018-04-25,-45.0,27.0,-11.0,47.0,0.0,-6.0,0.0,34.0,44.0,0.0,0.0,0.0,-37.0,0.0,0.0
2018-04-26,-36.0,22.0,-9.0,37.0,0.0,-5.0,0.0,27.0,36.0,17.0,0.0,-22.0,-30.0,0.0,0.0
2018-04-27,-33.0,20.0,-8.0,34.0,-26.0,-5.0,0.0,25.0,33.0,15.0,0.0,-20.0,-27.0,0.0,0.0
2018-05-02,-33.0,20.0,-8.0,34.0,-26.0,-5.0,0.0,25.0,33.0,15.0,0.0,-20.0,-27.0,0.0,0.0
2018-05-03,-51.0,30.0,-12.0,53.0,0.0,0.0,0.0,38.0,0.0,0.0,0.0,-31.0,-42.0,0.0,0.0
2018-05-04,0.0,26.0,-11.0,46.0,0.0,0.0,0.0,33.0,-42.0,21.0,0.0,-27.0,-36.0,0.0,0.0
2018-05-07,0.0,0.0,-11.0,45.0,-34.0,-6.0,0.0,33.0,-42.0,21.0,0.0,-27.0,0.0,0.0,0.0
2018-05-08,0.0,0.0,-14.0,60.0,0.0,-8.0,0.0,45.0,-55.0,0.0,0.0,-36.0,0.0,0.0,0.0
2018-05-09,0.0,30.0,-12.0,52.0,0.0,-7.0,0.0,38.0,-47.0,24.0,0.0,0.0,0.0,0.0,0.0
2018-05-10,0.0,30.0,-12.0,52.0,0.0,0.0,0.0,38.0,-47.0,24.0,0.0,-31.0,0.0,0.0,0.0
2018-05-11,0.0,42.0,-17.0,72.0,0.0,0.0,0.0,54.0,-66.0,0.0,0.0,0.0,0.0,0.0,0.0
2018-05-14,0.0,26.0,-11.0,45.0,0.0,-6.0,17.0,33.0,-41.0,20.0,0.0,0.0,0.0,0.0,0.0
2018-05-15,0.0,26.0,-11.0,45.0,0.0,-6.0,17.0,33.0,-41.0,20.0,0.0,0.0,0.0,0.0,0.0
2018-05-16,0.0,26.0,-11.0,45.0,0.0,-6.0,17.0,33.0,-41.0,0.0,0.0,27.0,0.0,0.0,0.0
2018-05-17,0.0,26.0,-11.0,44.0,0.0,-6.0,17.0,33.0,-41.0,0.0,0.0,27.0,0.0,0.0,0.0
2018-05-18,0.0,30.0,-12.0,50.0,0.0,-7.0,19.0,37.0,0.0,0.0,0.0,31.0,0.0,0.0,0.0
2018-05-21,0.0,27.0,-11.0,44.0,0.0,-6.0,17.0,33.0,-39.0,20.0,0.0,0.0,0.0,0.0,0.0
2018-05-22,0.0,24.0,-9.0,39.0,31.0,-5.0,15.0,30.0,-34.0,0.0,0.0,0.0,33.0,0.0,0.0
2018-05-23,31.0,19.0,-7.0,33.0,25.0,-4.0,12.0,24.0,-28.0,0.0,0.0,-20.0,27.0,0.0,0.0
2018-05-24,38.0,24.0,-9.0,0.0,31.0,-6.0,0.0,30.0,-35.0,0.0,0.0,-24.0,33.0,0.0,0.0
2018-05-25,49.0,31.0,-12.0,0.0,0.0,-7.0,0.0,38.0,0.0,0.0,0.0,-31.0,43.0,0.0,0.0
2018-05-28,38.0,24.0,-9.0,41.0,31.0,-6.0,0.0,30.0,-35.0,0.0,0.0,-24.0,0.0,0.0,0.0
2018-05-29,0.0,31.0,-12.0,52.0,40.0,-7.0,0.0,38.0,0.0,0.0,0.0,-32.0,0.0,0.0,0.0
2018-05-30,-35.0,0.0,-8.0,36.0,28.0,-5.0,0.0,26.0,-32.0,16.0,0.0,-22.0,30.0,0.0,0.0
2018-05-31,-44.0,0.0,-11.0,46.0,34.0,-6.0,0.0,32.0,0.0,0.0,0.0,-27.0,37.0,0.0,0.0
2018-06-01,-50.0,0.0,-12.0,52.0,0.0,-7.0,0.0,37.0,0.0,0.0,0.0,-31.0,43.0,0.0,0.0
2018-06-04,-44.0,27.0,-11.0,45.0,0.0,-6.0,0.0,32.0,0.0,0.0,0.0,-27.0,36.0,0.0,0.0
2018-06-05,-44.0,0.0,-11.0,45.0,0.0,0.0,17.0,32.0,-39.0,0.0,0.0,-27.0,36.0,0.0,0.0
2018-06-06,0.0,0.0,-12.0,52.0,0.0,0.0,19.0,37.0,-45.0,0.0,0.0,-31.0,41.0,0.0,0.0
2018-06-07,0.0,0.0,-14.0,61.0,0.0,8.0,0.0,43.0,-52.0,0.0,0.0,-36.0,0.0,0.0,0.0
2018-06-08,0.0,0.0,-12.0,0.0,0.0,7.0,19.0,36.0,-44.0,0.0,0.0,-31.0,41.0,0.0,0.0
2018-06-11,0.0,-27.0,-11.0,45.0,0.0,6.0,0.0,32.0,-39.0,20.0,0.0,-27.0,0.0,0.0,0.0
2018-06-12,35.0,-21.0,-9.0,35.0,0.0,5.0,13.0,25.0,-31.0,0.0,0.0,-21.0,-28.0,0.0,0.0
2018-06-13,0.0,-27.0,-11.0,44.0,0.0,0.0,16.0,31.0,-39.0,-19.0,0.0,0.0,-35.0,0.0,0.0
2018-06-14,44.0,0.0,-12.0,44.0,0.0,0.0,16.0,31.0,-39.0,-19.0,0.0,0.0,-35.0,0.0,0.0
2018-06-15,-35.0,0.0,-9.0,36.0,26.0,-5.0,13.0,25.0,-32.0,-16.0,0.0,0.0,-29.0,0.0,0.0
2018-06-19,0.0,-31.0,-13.0,50.0,0.0,-7.0,0.0,36.0,0.0,-22.0,30.0,0.0,0.0,0.0,0.0
2018-06-20,51.0,0.0,-13.0,51.0,-38.0,0.0,0.0,37.0,0.0,-22.0,30.0,0.0,0.0,0.0,0.0
2018-06-21,0.0,31.0,-13.0,51.0,-38.0,0.0,0.0,37.0,0.0,0.0,30.0,0.0,-42.0,0.0,0.0
2018-06-22,0.0,28.0,-12.0,46.0,-33.0,0.0,0.0,32.0,-41.0,0.0,28.0,0.0,-36.0,0.0,0.0
2018-06-25,-40.0,25.0,-11.0,41.0,0.0,5.0,0.0,29.0,-37.0,0.0,24.0,0.0,-33.0,0.0,0.0
2018-06-26,-36.0,22.0,-10.0,36.0,0.0,5.0,0.0,26.0,-32.0,0.0,22.0,-22.0,-30.0,0.0,0.0
2018-06-27,-36.0,22.0,-10.0,0.0,27.0,5.0,0.0,26.0,-32.0,0.0,22.0,-22.0,-30.0,0.0,0.0
2018-06-28,-43.0,27.0,-12.0,0.0,34.0,6.0,0.0,33.0,0.0,0.0,27.0,-28.0,0.0,0.0,0.0
2018-06-29,43.0,27.0,-12.0,-45.0,0.0,6.0,0.0,33.0,0.0,0.0,27.0,0.0,-37.0,0.0,0.0
2018-07-02,43.0,27.0,-12.0,-45.0,0.0,6.0,0.0,33.0,0.0,0.0,27.0,0.0,-36.0,0.0,0.0
2018-07-03,34.0,22.0,-10.0,-35.0,-27.0,5.0,0.0,26.0,0.0,0.0,22.0,-22.0,-29.0,0.0,0.0
2018-07-04,34.0,22.0,-10.0,-35.0,-27.0,5.0,0.0,26.0,-31.0,0.0,22.0,0.0,-29.0,0.0,0.0
2018-07-05,43.0,27.0,-12.0,-43.0,-33.0,6.0,0.0,32.0,0.0,-19.0,0.0,0.0,0.0,0.0,0.0
2018-07-06,38.0,24.0,-11.0,-38.0,-29.0,6.0,0.0,0.0,-34.0,-18.0,24.0,0.0,0.0,0.0,0.0
2018-07-09,38.0,24.0,-11.0,-38.0,-29.0,6.0,0.0,0.0,-34.0,-18.0,24.0,0.0,0.0,0.0,0.0
2018-07-10,38.0,24.0,-11.0,-38.0,-29.0,6.0,0.0,0.0,-34.0,0.0,24.0,0.0,32.0,0.0,0.0
2018-07-11,38.0,24.0,-11.0,-38.0,-29.0,6.0,0.0,0.0,-34.0,0.0,24.0,0.0,32.0,0.0,0.0
2018-07-12,34.0,22.0,-10.0,-34.0,-26.0,5.0,0.0,0.0,-30.0,0.0,22.0,-22.0,29.0,0.0,0.0
2018-07-13,42.0,0.0,-12.0,0.0,-31.0,6.0,0.0,-31.0,-38.0,0.0,27.0,0.0,36.0,0.0,0.0
2018-07-16,31.0,0.0,-9.0,-32.0,-23.0,4.0,0.0,-23.0,-28.0,15.0,20.0,-19.0,26.0,0.0,0.0
2018-07-17,38.0,0.0,-11.0,0.0,-28.0,6.0,0.0,-27.0,-34.0,0.0,24.0,-24.0,32.0,0.0,0.0
2018-07-18,43.0,0.0,-12.0,0.0,-32.0,6.0,0.0,-31.0,-39.0,0.0,27.0,-27.0,0.0,0.0,0.0
2018-07-19,34.0,0.0,-10.0,35.0,0.0,5.0,0.0,-25.0,-31.0,-16.0,0.0,-21.0,-29.0,0.0,35.0
2018-07-20,34.0,0.0,-10.0,35.0,-25.0,5.0,0.0,-25.0,-31.0,0.0,0.0,21.0,-29.0,0.0,-34.0
2018-07-23,37.0,0.0,-11.0,38.0,0.0,5.0,0.0,-27.0,-34.0,0.0,0.0,24.0,-32.0,0.0,-37.0
2018-07-24,47.0,0.0,-14.0,0.0,0.0,0.0,0.0,35.0,-44.0,0.0,0.0,30.0,-41.0,0.0,-48.0
2018-07-25,36.0,0.0,-11.0,-37.0,0.0,0.0,0.0,27.0,-34.0,0.0,23.0,23.0,-32.0,0.0,-36.0
2018-07-26,36.0,0.0,-11.0,-37.0,28.0,0.0,0.0,27.0,-34.0,0.0,23.0,0.0,-32.0,0.0,-36.0
2018-07-27,32.0,21.0,-10.0,-34.0,0.0,0.0,0.0,24.0,-30.0,0.0,21.0,-21.0,-29.0,0.0,32.0
2018-07-30,36.0,24.0,-11.0,0.0,0.0,-5.0,0.0,0.0,-34.0,0.0,23.0,23.0,-32.0,0.0,35.0
2018-07-31,31.0,21.0,-10.0,-34.0,0.0,0.0,0.0,24.0,-30.0,-17.0,20.0,-21.0,0.0,0.0,32.0
2018-08-01,40.0,27.0,-12.0,0.0,0.0,0.0,0.0,0.0,0.0,-21.0,26.0,-26.0,-35.0,0.0,40.0
2018-08-02,31.0,21.0,-10.0,0.0,0.0,0.0,0.0,24.0,-31.0,-17.0,21.0,-21.0,-28.0,0.0,32.0
2018-08-03,0.0,0.0,-11.0,-37.0,27.0,-5.0,0.0,27.0,-34.0,-19.0,23.0,0.0,0.0,0.0,36.0
2018-08-06,0.0,0.0,-11.0,0.0,27.0,-5.0,0.0,26.0,-34.0,-19.0,23.0,0.0,31.0,0.0,36.0
2018-08-07,0.0,0.0,-10.0,-31.0,24.0,-4.0,0.0,24.0,-30.0,-17.0,20.0,20.0,0.0,0.0,32.0
2018-08-08,34.0,0.0,-11.0,-34.0,26.0,-5.0,0.0,26.0,-32.0,-18.0,0.0,22.0,0.0,0.0,0.0
2018-08-09,25.0,0.0,-7.0,-26.0,20.0,-3.0,0.0,20.0,-24.0,-14.0,16.0,16.0,-23.0,0.0,26.0
2018-08-10,27.0,0.0,-7.0,-28.0,22.0,-4.0,0.0,22.0,-27.0,0.0,18.0,18.0,-25.0,0.0,29.0
2018-08-13,32.0,0.0,-9.0,-34.0,26.0,0.0,15.0,0.0,-33.0,0.0,22.0,22.0,-30.0,0.0,0.0
2018-08-14,29.0,0.0,-8.0,-31.0,23.0,-4.0,13.0,0.0,-29.0,0.0,19.0,20.0,0.0,0.0,31.0
2018-08-15,36.0,0.0,-10.0,-37.0,29.0,0.0,17.0,0.0,-37.0,0.0,25.0,25.0,0.0,0.0,0.0
2018-08-16,41.0,0.0,-12.0,-43.0,0.0,0.0,19.0,0.0,-42.0,0.0,28.0,28.0,0.0,0.0,0.0
2018-08-17,30.0,0.0,-9.0,-33.0,26.0,-4.0,15.0,0.0,0.0,0.0,23.0,22.0,0.0,0.0,37.0
2018-08-20,34.0,0.0,-11.0,-38.0,29.0,-5.0,16.0,0.0,0.0,0.0,25.0,25.0,0.0,0.0,0.0
2018-08-21,26.0,-21.0,-8.0,-30.0,23.0,-4.0,13.0,0.0,0.0,0.0,20.0,20.0,27.0,0.0,0.0
2018-08-22,26.0,-21.0,-8.0,-30.0,0.0,0.0,13.0,0.0,31.0,0.0,20.0,20.0,27.0,0.0,-33.0
2018-08-23,26.0,-21.0,-8.0,-30.0,0.0,0.0,13.0,0.0,31.0,0.0,20.0,20.0,27.0,0.0,-33.0
2018-08-24,20.0,0.0,-6.0,-23.0,18.0,3.0,10.0,-18.0,24.0,-12.0,16.0,16.0,22.0,0.0,-25.0
2018-08-27,27.0,0.0,-8.0,-30.0,-23.0,0.0,13.0,-23.0,0.0,-16.0,20.0,21.0,28.0,0.0,0.0
2018-08-28,29.0,0.0,-9.0,-34.0,0.0,0.0,15.0,-26.0,0.0,0.0,23.0,23.0,32.0,0.0,-36.0
2018-08-29,25.0,-21.0,-8.0,-30.0,24.0,-4.0,13.0,0.0,0.0,0.0,21.0,0.0,29.0,0.0,-32.0
2018-08-30,25.0,-21.0,-8.0,-30.0,24.0,-4.0,13.0,0.0,-30.0,0.0,21.0,0.0,29.0,0.0,0.0
2018-08-31,28.0,0.0,-9.0,-34.0,27.0,0.0,15.0,-27.0,-32.0,0.0,0.0,0.0,32.0,0.0,-35.0
2018-09-03,23.0,0.0,-7.0,-28.0,22.0,0.0,12.0,22.0,-26.0,0.0,19.0,-19.0,27.0,0.0,-28.0
2018-09-04,25.0,0.0,-8.0,-31.0,0.0,4.0,14.0,-24.0,-29.0,0.0,21.0,0.0,29.0,0.0,-32.0
2018-09-05,21.0,0.0,-7.0,-26.0,-20.0,3.0,11.0,-20.0,-24.0,0.0,17.0,-17.0,25.0,0.0,-26.0
2018-09-06,24.0,0.0,-8.0,-28.0,0.0,4.0,12.0,-22.0,26.0,0.0,19.0,-19.0,27.0,0.0,-29.0
2018-09-07,21.0,0.0,-7.0,-25.0,20.0,3.0,11.0,-20.0,-24.0,0.0,17.0,-17.0,24.0,0.0,-27.0
2018-09-10,24.0,-19.0,-8.0,-27.0,-22.0,4.0,12.0,0.0,-25.0,0.0,18.0,0.0,27.0,0.0,-29.0
2018-09-11,21.0,-18.0,-7.0,-25.0,-19.0,3.0,11.0,-20.0,-22.0,-13.0,17.0,0.0,24.0,0.0,0.0
2018-09-12,22.0,0.0,-7.0,-25.0,-19.0,3.0,11.0,21.0,0.0,-13.0,17.0,-17.0,24.0,0.0,-27.0
2018-09-13,27.0,0.0,-8.0,0.0,-25.0,4.0,13.0,0.0,0.0,-16.0,20.0,-20.0,30.0,0.0,-31.0
2018-09-14,27.0,-21.0,-8.0,31.0,25.0,4.0,13.0,0.0,0.0,0.0,20.0,-20.0,0.0,0.0,-31.0
2018-09-17,25.0,-19.0,-7.0,0.0,0.0,4.0,12.0,23.0,0.0,-14.0,18.0,-19.0,27.0,0.0,-29.0
2018-09-18,25.0,-19.0,-7.0,0.0,-22.0,4.0,12.0,23.0,0.0,0.0,18.0,-19.0,27.0,0.0,-29.0
2018-09-19,21.0,-16.0,-6.0,24.0,-18.0,3.0,10.0,19.0,0.0,-12.0,15.0,-15.0,23.0,0.0,-25.0
2018-09-20,0.0,-17.0,-7.0,-25.0,20.0,4.0,11.0,21.0,0.0,-13.0,17.0,-17.0,25.0,0.0,-26.0
2018-09-21,0.0,-21.0,-8.0,0.0,24.0,4.0,13.0,25.0,0.0,-16.0,0.0,-20.0,30.0,0.0,-31.0
2018-09-25,25.0,-19.0,-7.0,0.0,22.0,4.0,12.0,23.0,-25.0,-14.0,0.0,-18.0,27.0,0.0,0.0
2018-09-26,0.0,-19.0,-7.0,-27.0,22.0,4.0,12.0,23.0,24.0,-14.0,0.0,-18.0,27.0,0.0,0.0
2018-09-27,0.0,18.0,-7.0,-26.0,21.0,4.0,11.0,21.0,-23.0,-13.0,0.0,-17.0,25.0,0.0,-25.0
2018-09-28,-23.0,18.0,-7.0,0.0,21.0,4.0,11.0,21.0,22.0,-13.0,0.0,-17.0,25.0,0.0,-25.0
2018-10-08,-28.0,0.0,-8.0,0.0,25.0,0.0,13.0,26.0,0.0,-16.0,20.0,-20.0,30.0,0.0,-30.0
2018-10-09,-28.0,-21.0,-8.0,0.0,25.0,4.0,13.0,0.0,0.0,0.0,20.0,-20.0,30.0,0.0,-29.0
2018-10-10,0.0,-23.0,-9.0,-32.0,28.0,5.0,14.0,0.0,0.0,0.0,22.0,0.0,33.0,0.0,-30.0
2018-10-11,0.0,0.0,-10.0,-36.0,31.0,5.0,15.0,0.0,0.0,0.0,24.0,0.0,36.0,0.0,-34.0
2018-10-12,0.0,30.0,-12.0,0.0,35.0,0.0,17.0,0.0,0.0,22.0,28.0,0.0,0.0,0.0,-41.0
2018-10-15,0.0,0.0,-8.0,-29.0,24.0,-4.0,12.0,0.0,-27.0,15.0,19.0,19.0,0.0,0.0,-28.0
2018-10-16,-30.0,0.0,-9.0,-32.0,27.0,0.0,14.0,0.0,0.0,17.0,22.0,22.0,0.0,0.0,-32.0
2018-10-17,-30.0,0.0,-9.0,33.0,27.0,0.0,14.0,0.0,0.0,17.0,22.0,-22.0,0.0,0.0,-32.0
2018-10-18,-25.0,0.0,-7.0,0.0,22.0,-4.0,11.0,0.0,-24.0,14.0,17.0,18.0,28.0,0.0,-26.0
2018-10-19,-26.0,19.0,-8.0,-27.0,22.0,4.0,11.0,0.0,0.0,14.0,17.0,-18.0,0.0,0.0,-26.0
2018-10-22,-26.0,-19.0,-8.0,-27.0,22.0,4.0,11.0,0.0,0.0,14.0,17.0,0.0,29.0,0.0,-26.0
2018-10-23,-29.0,-21.0,-8.0,-30.0,0.0,4.0,12.0,0.0,0.0,16.0,19.0,0.0,31.0,0.0,-28.0
2018-10-24,-32.0,-24.0,-9.0,0.0,0.0,5.0,13.0,0.0,0.0,17.0,21.0,0.0,34.0,0.0,-32.0
2018-10-25,-26.0,-19.0,-8.0,-27.0,22.0,4.0,11.0,0.0,0.0,14.0,17.0,18.0,0.0,0.0,-26.0
2018-10-26,0.0,-21.0,-8.0,31.0,24.0,4.0,12.0,-25.0,0.0,16.0,19.0,0.0,0.0,0.0,-29.0
2018-10-29,-27.0,-20.0,-8.0,28.0,0.0,4.0,11.0,0.0,26.0,14.0,17.0,0.0,-28.0,0.0,-26.0
2018-10-30,-29.0,0.0,-9.0,33.0,24.0,4.0,12.0,0.0,29.0,0.0,19.0,-20.0,0.0,0.0,-29.0
2018-10-31,-32.0,0.0,-10.0,37.0,27.0,0.0,13.0,0.0,32.0,0.0,21.0,-23.0,0.0,0.0,-32.0
2018-11-01,-29.0,-22.0,-9.0,33.0,24.0,0.0,12.0,0.0,0.0,0.0,19.0,-20.0,31.0,0.0,-29.0
2018-11-02,-26.0,-20.0,-8.0,31.0,22.0,4.0,11.0,0.0,0.0,0.0,17.0,-19.0,29.0,0.0,-27.0
2018-11-05,-25.0,-18.0,-7.0,28.0,21.0,4.0,10.0,0.0,0.0,-13.0,16.0,-17.0,26.0,0.0,-24.0
2018-11-06,-27.0,-20.0,-8.0,30.0,22.0,4.0,11.0,0.0,0.0,0.0,18.0,-18.0,29.0,0.0,-27.0
2018-11-07,-33.0,-24.0,-10.0,38.0,28.0,0.0,14.0,0.0,0.0,0.0,22.0,-23.0,0.0,0.0,-32.0
2018-11-08,-30.0,-22.0,-9.0,35.0,25.0,0.0,12.0,0.0,-29.0,0.0,20.0,-20.0,0.0,0.0,-29.0
2018-11-09,-28.0,-20.0,-8.0,32.0,23.0,4.0,11.0,24.0,0.0,0.0,17.0,-18.0,0.0,0.0,-26.0
2018-11-12,-24.0,-17.0,-7.0,27.0,20.0,3.0,10.0,21.0,-22.0,0.0,15.0,-16.0,-25.0,0.0,-23.0
2018-11-13,-25.0,-19.0,-7.0,0.0,22.0,4.0,10.0,23.0,-24.0,0.0,16.0,-18.0,-26.0,0.0,-25.0
2018-11-14,-24.0,-17.0,-7.0,28.0,20.0,3.0,10.0,21.0,-23.0,0.0,15.0,-16.0,-24.0,0.0,-23.0
2018-11-15,-24.0,-17.0,-7.0,28.0,20.0,3.0,10.0,21.0,-23.0,0.0,15.0,-16.0,-24.0,0.0,-23.0
2018-11-16,0.0,-22.0,-9.0,0.0,26.0,4.0,12.0,28.0,0.0,0.0,19.0,-21.0,-31.0,0.0,-31.0
2018-11-19,-28.0,-21.0,-8.0,0.0,23.0,4.0,11.0,25.0,0.0,0.0,17.0,-19.0,-28.0,0.0,-28.0
2018-11-20,-28.0,-21.0,-8.0,-33.0,23.0,4.0,11.0,25.0,0.0,0.0,17.0,-19.0,-28.0,0.0,0.0
2018-11-21,-31.0,-23.0,-9.0,-37.0,27.0,4.0,12.0,0.0,0.0,0.0,19.0,-22.0,-31.0,0.0,0.0
2018-11-22,0.0,-26.0,-10.0,0.0,30.0,5.0,13.0,0.0,0.0,-18.0,21.0,-25.0,-35.0,0.0,0.0
2018-11-23,0.0,-24.0,-9.0,0.0,27.0,4.0,12.0,0.0,35.0,0.0,19.0,-23.0,-32.0,0.0,-34.0
2018-11-26,0.0,-27.0,-10.0,0.0,31.0,5.0,14.0,0.0,40.0,0.0,0.0,-26.0,-35.0,0.0,-39.0
2018-11-27,-37.0,-27.0,0.0,0.0,31.0,5.0,14.0,0.0,40.0,0.0,0.0,-26.0,-35.0,0.0,-39.0
2018-11-28,-37.0,-27.0,0.0,0.0,31.0,5.0,14.0,0.0,41.0,0.0,0.0,-26.0,-35.0,0.0,-39.0
2018-11-29,-33.0,-24.0,0.0,0.0,30.0,5.0,13.0,31.0,35.0,0.0,0.0,-23.0,-31.0,0.0,-36.0
2018-11-30,-33.0,-24.0,0.0,0.0,30.0,5.0,13.0,31.0,35.0,0.0,0.0,-23.0,-31.0,0.0,-37.0
2018-12-03,0.0,-27.0,0.0,0.0,34.0,5.0,14.0,35.0,0.0,0.0,24.0,-25.0,-34.0,0.0,-41.0
2018-12-04,-38.0,0.0,0.0,0.0,33.0,0.0,14.0,35.0,-38.0,0.0,24.0,-25.0,35.0,0.0,-41.0
2018-12-05,-42.0,0.0,0.0,0.0,37.0,0.0,15.0,38.0,-43.0,0.0,26.0,-27.0,0.0,0.0,-45.0
2018-12-06,-42.0,0.0,0.0,0.0,37.0,0.0,15.0,38.0,-43.0,0.0,26.0,-27.0,0.0,0.0,-45.0
2018-12-07,0.0,-30.0,0.0,-51.0,37.0,6.0,15.0,-38.0,0.0,0.0,27.0,0.0,0.0,0.0,-45.0
2018-12-10,-35.0,-26.0,10.0,-44.0,0.0,5.0,13.0,0.0,-40.0,0.0,23.0,0.0,0.0,0.0,-41.0
2018-12-11,25.0,-18.0,7.0,-31.0,23.0,4.0,9.0,-23.0,-28.0,-13.0,16.0,0.0,-25.0,0.0,-28.0
2018-12-12,30.0,0.0,8.0,0.0,-27.0,5.0,11.0,-27.0,-34.0,-16.0,19.0,0.0,0.0,-16.0,-34.0
2018-12-13,0.0,-24.0,9.0,0.0,0.0,5.0,14.0,-30.0,0.0,-18.0,21.0,24.0,0.0,-18.0,-37.0
2018-12-14,0.0,-24.0,9.0,-41.0,0.0,5.0,14.0,0.0,0.0,-18.0,21.0,24.0,-32.0,0.0,-37.0
2018-12-17,0.0,-29.0,0.0,-50.0,0.0,6.0,17.0,0.0,0.0,-22.0,26.0,29.0,0.0,0.0,-47.0
2018-12-18,36.0,0.0,0.0,-44.0,0.0,5.0,15.0,0.0,-40.0,-20.0,23.0,26.0,0.0,0.0,-42.0
2018-12-19,32.0,0.0,0.0,-40.0,0.0,5.0,14.0,0.0,-36.0,-18.0,21.0,23.0,-31.0,0.0,-39.0
2018-12-20,36.0,0.0,0.0,-45.0,0.0,6.0,15.0,0.0,-41.0,-20.0,23.0,26.0,0.0,0.0,-45.0
2018-12-21,30.0,0.0,0.0,-37.0,0.0,5.0,13.0,26.0,-33.0,-16.0,18.0,21.0,-28.0,0.0,-37.0
2018-12-24,37.0,0.0,0.0,-45.0,0.0,0.0,15.0,32.0,-40.0,0.0,22.0,26.0,-34.0,0.0,-44.0
2018-12-25,0.0,0.0,0.0,0.0,0.0,0.0,20.0,42.0,-52.0,0.0,29.0,34.0,-44.0,0.0,-57.0
2018-12-26,50.0,0.0,0.0,0.0,-42.0,0.0,20.0,42.0,-52.0,0.0,29.0,0.0,0.0,0.0,-57.0
2018-12-27,50.0,-34.0,0.0,0.0,0.0,0.0,20.0,42.0,-52.0,0.0,29.0,0.0,0.0,0.0,-57.0
2018-12-28,-39.0,-26.0,0.0,0.0,0.0,6.0,16.0,33.0,-42.0,0.0,23.0,0.0,34.0,0.0,-46.0
2019-01-02,0.0,-39.0,0.0,0.0,0.0,0.0,24.0,50.0,-63.0,0.0,34.0,0.0,0.0,0.0,-69.0
2019-01-03,-45.0,0.0,0.0,0.0,0.0,0.0,18.0,38.0,-48.0,0.0,26.0,30.0,-39.0,0.0,-53.0
2019-01-04,-39.0,0.0,0.0,-46.0,0.0,0.0,16.0,33.0,-42.0,0.0,22.0,26.0,-35.0,0.0,-46.0
2019-01-07,-34.0,0.0,-8.0,-40.0,0.0,5.0,14.0,30.0,-37.0,0.0,20.0,23.0,0.0,0.0,-40.0
2019-01-08,-31.0,21.0,-8.0,0.0,0.0,5.0,13.0,27.0,-33.0,0.0,18.0,21.0,-28.0,0.0,-36.0
2019-01-09,0.0,23.0,-9.0,-41.0,-29.0,0.0,14.0,29.0,0.0,0.0,19.0,23.0,-31.0,0.0,-40.0
2019-01-10,-33.0,23.0,-9.0,-41.0,-29.0,0.0,14.0,29.0,-36.0,0.0,19.0,23.0,0.0,0.0,0.0
2019-01-11,30.0,21.0,-8.0,-37.0,-26.0,5.0,13.0,0.0,-32.0,0.0,18.0,21.0,-29.0,0.0,0.0
2019-01-14,30.0,21.0,-8.0,-37.0,-26.0,0.0,13.0,26.0,-32.0,0.0,18.0,21.0,-29.0,0.0,0.0
2019-01-15,26.0,18.0,-7.0,-31.0,-22.0,-4.0,10.0,22.0,0.0,-13.0,15.0,18.0,-24.0,0.0,-30.0
2019-01-16,0.0,21.0,-8.0,-36.0,0.0,-5.0,12.0,27.0,0.0,-16.0,18.0,21.0,-29.0,0.0,-35.0
2019-01-17,33.0,0.0,-9.0,-40.0,-28.0,-5.0,14.0,29.0,0.0,0.0,20.0,23.0,0.0,0.0,-38.0
2019-01-18,30.0,21.0,-8.0,-37.0,-26.0,-4.0,12.0,26.0,0.0,0.0,18.0,0.0,28.0,-18.0,0.0
2019-01-21,0.0,25.0,0.0,-45.0,-31.0,-5.0,15.0,32.0,-37.0,0.0,21.0,0.0,34.0,0.0,0.0
2019-01-22,-28.0,21.0,0.0,-35.0,-25.0,0.0,12.0,26.0,-29.0,0.0,17.0,20.0,28.0,-17.0,0.0
2019-01-23,0.0,23.0,0.0,-40.0,-28.0,5.0,14.0,0.0,-33.0,0.0,19.0,23.0,31.0,-19.0,0.0
2019-01-24,0.0,23.0,0.0,-40.0,-28.0,0.0,14.0,28.0,-33.0,0.0,19.0,23.0,31.0,-19.0,0.0
2019-01-25,0.0,23.0,0.0,-40.0,-28.0,5.0,14.0,0.0,-33.0,0.0,19.0,23.0,31.0,-19.0,0.0
2019-01-28,-26.0,19.0,0.0,-33.0,-22.0,4.0,11.0,23.0,-27.0,0.0,16.0,19.0,26.0,-16.0,0.0
2019-01-29,0.0,26.0,0.0,0.0,-30.0,-5.0,15.0,31.0,-36.0,0.0,20.0,0.0,34.0,-21.0,0.0
2019-01-30,-35.0,26.0,-10.0,0.0,-30.0,0.0,15.0,0.0,-36.0,19.0,20.0,26.0,0.0,0.0,0.0
2019-01-31,-31.0,0.0,-9.0,-40.0,0.0,5.0,14.0,28.0,-32.0,0.0,17.0,23.0,0.0,-19.0,0.0
2019-02-01,-27.0,21.0,-8.0,-36.0,0.0,4.0,12.0,25.0,-29.0,0.0,15.0,21.0,0.0,-17.0,0.0
2019-02-11,-30.0,23.0,-9.0,-39.0,0.0,0.0,13.0,27.0,-31.0,0.0,16.0,22.0,0.0,-19.0,0.0
2019-02-12,-27.0,21.0,-8.0,-36.0,0.0,4.0,12.0,25.0,-28.0,0.0,14.0,21.0,0.0,-17.0,0.0
2019-02-13,-27.0,21.0,-8.0,-36.0,0.0,0.0,12.0,25.0,-28.0,16.0,14.0,21.0,0.0,0.0,-32.0
2019-02-14,-27.0,21.0,-8.0,-36.0,0.0,4.0,12.0,0.0,-28.0,16.0,14.0,0.0,0.0,-18.0,-32.0
2019-02-15,-28.0,21.0,-8.0,-35.0,0.0,4.0,12.0,0.0,-28.0,16.0,14.0,21.0,-28.0,0.0,0.0
2019-02-18,-26.0,20.0,-7.0,-34.0,0.0,4.0,11.0,24.0,0.0,14.0,13.0,0.0,-26.0,-16.0,-29.0
2019-02-19,-26.0,20.0,-7.0,0.0,-23.0,4.0,11.0,0.0,-26.0,14.0,13.0,-19.0,0.0,17.0,-28.0
2019-02-20,0.0,33.0,-12.0,-58.0,0.0,0.0,19.0,0.0,0.0,24.0,23.0,0.0,0.0,0.0,-49.0
2019-02-21,0.0,0.0,-13.0,0.0,0.0,0.0,22.0,0.0,0.0,28.0,27.0,-38.0,0.0,0.0,-57.0
2019-02-22,-28.0,21.0,-7.0,-36.0,0.0,4.0,12.0,-25.0,0.0,16.0,15.0,0.0,28.0,-18.0,0.0
2019-02-25,0.0,33.0,-11.0,-56.0,0.0,0.0,18.0,-39.0,0.0,25.0,0.0,0.0,44.0,0.0,0.0
2019-02-26,0.0,0.0,-7.0,-36.0,0.0,0.0,12.0,-25.0,28.0,15.0,15.0,-21.0,28.0,-18.0,32.0
2019-02-27,0.0,0.0,-7.0,-36.0,0.0,4.0,12.0,-25.0,28.0,15.0,15.0,0.0,28.0,-18.0,32.0
2019-02-28,26.0,-19.0,-7.0,0.0,-22.0,4.0,11.0,-22.0,26.0,14.0,14.0,-19.0,0.0,0.0,29.0
2019-03-01,32.0,0.0,-8.0,40.0,-27.0,5.0,13.0,-26.0,0.0,17.0,16.0,0.0,0.0,-19.0,0.0
2019-03-04,-30.0,0.0,-8.0,0.0,0.0,5.0,13.0,-26.0,-29.0,17.0,16.0,0.0,31.0,-19.0,0.0
2019-03-05,0.0,21.0,0.0,-34.0,-24.0,4.0,12.0,-24.0,-27.0,15.0,0.0,20.0,28.0,-17.0,0.0
2019-03-06,0.0,0.0,-10.0,-47.0,-33.0,6.0,16.0,-33.0,0.0,20.0,20.0,0.0,0.0,0.0,0.0
2019-03-07,-27.0,-21.0,-7.0,-34.0,0.0,4.0,12.0,-25.0,27.0,15.0,15.0,0.0,0.0,-17.0,0.0
2019-03-08,-30.0,0.0,0.0,-39.0,-26.0,5.0,13.0,-27.0,0.0,16.0,16.0,0.0,0.0,-19.0,34.0
2019-03-11,0.0,23.0,0.0,0.0,-26.0,5.0,13.0,-27.0,31.0,16.0,0.0,-23.0,0.0,-19.0,34.0
2019-03-12,0.0,0.0,0.0,-32.0,-22.0,4.0,11.0,-23.0,25.0,14.0,14.0,-19.0,-26.0,-16.0,29.0
2019-03-13,0.0,19.0,-7.0,-32.0,-22.0,4.0,11.0,-23.0,0.0,14.0,14.0,0.0,-26.0,-16.0,29.0
2019-03-14,0.0,0.0,0.0,-38.0,-26.0,5.0,14.0,-27.0,0.0,17.0,17.0,0.0,-31.0,-19.0,34.0
2019-03-15,0.0,23.0,8.0,-38.0,-26.0,0.0,14.0,0.0,0.0,17.0,17.0,0.0,-31.0,-19.0,-34.0
2019-03-18,31.0,23.0,0.0,0.0,-26.0,0.0,14.0,0.0,-29.0,17.0,17.0,-23.0,-31.0,0.0,-34.0
2019-03-19,40.0,30.0,0.0,0.0,-33.0,0.0,17.0,-34.0,0.0,21.0,0.0,0.0,0.0,-24.0,-43.0
2019-03-20,0.0,30.0,0.0,51.0,-33.0,0.0,17.0,0.0,0.0,21.0,0.0,-29.0,-40.0,-24.0,0.0
2019-03-21,0.0,30.0,0.0,0.0,-33.0,6.0,17.0,-34.0,0.0,21.0,0.0,0.0,-40.0,-24.0,0.0
2019-03-22,0.0,24.0,-8.0,0.0,-27.0,5.0,14.0,-27.0,30.0,17.0,0.0,-23.0,-32.0,0.0,0.0
2019-03-25,0.0,26.0,-9.0,0.0,-29.0,6.0,0.0,-30.0,33.0,19.0,0.0,-26.0,-35.0,0.0,0.0
2019-03-26,-28.0,22.0,-8.0,0.0,0.0,5.0,0.0,0.0,27.0,-15.0,15.0,-21.0,-28.0,-18.0,33.0
2019-03-27,-35.0,0.0,0.0,0.0,-30.0,0.0,0.0,30.0,34.0,-19.0,18.0,-26.0,-35.0,0.0,40.0
2019-03-28,-32.0,0.0,-9.0,0.0,0.0,5.0,0.0,27.0,30.0,-17.0,16.0,-23.0,-31.0,0.0,35.0
2019-03-29,-29.0,0.0,-8.0,38.0,0.0,0.0,12.0,25.0,27.0,0.0,15.0,-21.0,-28.0,-19.0,32.0
2019-04-01,-38.0,0.0,11.0,0.0,0.0,0.0,0.0,0.0,0.0,21.0,20.0,-29.0,-38.0,-26.0,44.0
2019-04-02,-28.0,0.0,8.0,0.0,26.0,-5.0,0.0,0.0,26.0,-15.0,14.0,-21.0,-28.0,-19.0,32.0
2019-04-03,-35.0,0.0,0.0,46.0,31.0,0.0,0.0,29.0,0.0,-18.0,0.0,-25.0,-34.0,-23.0,39.0
2019-04-04,-35.0,27.0,0.0,0.0,31.0,0.0,0.0,29.0,-31.0,-18.0,0.0,-25.0,-34.0,0.0,39.0
2019-04-08,-31.0,0.0,-8.0,41.0,28.0,0.0,0.0,26.0,0.0,-16.0,15.0,-23.0,-30.0,-20.0,0.0
2019-04-09,-34.0,0.0,-9.0,-44.0,30.0,-5.0,0.0,0.0,31.0,-18.0,17.0,0.0,32.0,0.0,0.0
2019-04-10,0.0,0.0,-12.0,-57.0,0.0,-7.0,0.0,39.0,41.0,0.0,0.0,0.0,-42.0,-29.0,0.0
2019-04-11,0.0,23.0,-8.0,-40.0,-26.0,5.0,0.0,27.0,0.0,-16.0,15.0,0.0,-29.0,-21.0,0.0
2019-04-12,0.0,0.0,-8.0,41.0,26.0,5.0,0.0,27.0,0.0,-16.0,15.0,-23.0,-29.0,-21.0,0.0
2019-04-15,0.0,0.0,-14.0,-66.0,0.0,0.0,0.0,45.0,0.0,0.0,26.0,0.0,-49.0,-35.0,0.0
2019-04-16,0.0,0.0,-14.0,0.0,0.0,0.0,0.0,44.0,49.0,0.0,26.0,0.0,-49.0,-35.0,0.0
2019-04-17,0.0,34.0,-12.0,0.0,0.0,-7.0,0.0,39.0,0.0,0.0,23.0,0.0,-42.0,-30.0,0.0
2019-04-18,0.0,0.0,-21.0,0.0,0.0,0.0,0.0,67.0,0.0,0.0,40.0,0.0,-73.0,0.0,0.0
2019-04-19,0.0,24.0,-9.0,41.0,27.0,-5.0,0.0,27.0,-29.0,0.0,16.0,-23.0,-30.0,0.0,0.0
2019-04-22,-33.0,24.0,-9.0,-41.0,27.0,0.0,12.0,27.0,0.0,0.0,16.0,0.0,-30.0,-21.0,0.0
2019-04-23,-37.0,27.0,-10.0,-45.0,0.0,0.0,14.0,30.0,-31.0,0.0,18.0,0.0,0.0,0.0,-38.0
2019-04-24,-33.0,24.0,-9.0,-41.0,0.0,0.0,12.0,27.0,0.0,0.0,16.0,0.0,-29.0,-21.0,-34.0
2019-04-25,-37.0,27.0,-10.0,0.0,30.0,-5.0,0.0,30.0,0.0,0.0,18.0,0.0,-32.0,0.0,-38.0
2019-04-26,-30.0,22.0,-8.0,-37.0,0.0,-4.0,0.0,25.0,-25.0,0.0,15.0,21.0,0.0,20.0,-30.0
2019-04-29,0.0,24.0,-9.0,42.0,27.0,-5.0,0.0,0.0,-28.0,0.0,16.0,-23.0,0.0,22.0,-34.0
2019-04-30,0.0,30.0,0.0,52.0,33.0,-6.0,0.0,0.0,-35.0,0.0,20.0,-29.0,0.0,0.0,-44.0
2019-05-06,0.0,0.0,-12.0,0.0,0.0,0.0,18.0,38.0,-40.0,0.0,22.0,-33.0,0.0,0.0,-50.0
2019-05-07,34.0,0.0,9.0,41.0,-27.0,-5.0,0.0,27.0,-28.0,0.0,16.0,-23.0,0.0,0.0,-36.0
2019-05-08,0.0,0.0,9.0,0.0,29.0,-5.0,0.0,30.0,-31.0,0.0,17.0,0.0,-31.0,-24.0,-39.0
2019-05-09,0.0,0.0,8.0,-37.0,24.0,-4.0,0.0,25.0,-26.0,0.0,14.0,21.0,-26.0,-19.0,-33.0
2019-05-10,34.0,0.0,8.0,0.0,0.0,-5.0,0.0,27.0,-29.0,0.0,16.0,24.0,-29.0,-21.0,-36.0
2019-05-13,0.0,0.0,9.0,0.0,0.0,-5.0,0.0,30.0,-32.0,0.0,17.0,26.0,-32.0,-24.0,-39.0
2019-05-14,0.0,28.0,9.0,0.0,0.0,-5.0,0.0,30.0,-32.0,0.0,17.0,0.0,-32.0,-24.0,-39.0
2019-05-15,-45.0,32.0,0.0,0.0,0.0,-6.0,0.0,35.0,0.0,0.0,19.0,31.0,-37.0,0.0,-44.0
2019-05-16,-45.0,32.0,11.0,0.0,0.0,-6.0,0.0,35.0,0.0,0.0,19.0,0.0,-37.0,0.0,-44.0
2019-05-17,-45.0,32.0,0.0,0.0,0.0,-6.0,0.0,35.0,-36.0,0.0,19.0,30.0,-37.0,0.0,0.0
2019-05-20,0.0,28.0,0.0,-45.0,29.0,-5.0,-13.0,30.0,32.0,0.0,16.0,0.0,-32.0,0.0,0.0
2019-05-21,-40.0,28.0,0.0,-44.0,0.0,-5.0,0.0,30.0,0.0,0.0,16.0,27.0,-32.0,-25.0,0.0
2019-05-22,-45.0,0.0,-10.0,-49.0,0.0,-6.0,0.0,33.0,0.0,0.0,17.0,29.0,-36.0,0.0,0.0
2019-05-23,-45.0,0.0,-10.0,-49.0,0.0,-6.0,0.0,33.0,0.0,0.0,17.0,29.0,-36.0,0.0,0.0
2019-05-24,0.0,0.0,-9.0,-41.0,26.0,-4.0,-12.0,27.0,30.0,0.0,14.0,0.0,-29.0,-23.0,0.0
2019-05-27,0.0,0.0,0.0,-46.0,29.0,-5.0,-13.0,30.0,35.0,0.0,15.0,0.0,-32.0,-25.0,0.0
2019-05-28,-41.0,-29.0,0.0,-46.0,29.0,-5.0,0.0,30.0,35.0,0.0,15.0,0.0,0.0,-25.0,0.0
2019-05-29,0.0,-32.0,0.0,-51.0,0.0,-6.0,-15.0,34.0,39.0,0.0,17.0,0.0,0.0,-28.0,0.0
2019-05-30,41.0,0.0,0.0,-45.0,0.0,-5.0,-13.0,30.0,35.0,0.0,15.0,0.0,-32.0,-25.0,0.0
2019-05-31,37.0,0.0,-8.0,-41.0,26.0,-5.0,-12.0,27.0,0.0,0.0,14.0,0.0,-29.0,-22.0,0.0
2019-06-03,47.0,0.0,0.0,-52.0,33.0,0.0,-15.0,34.0,0.0,0.0,17.0,0.0,-37.0,-28.0,0.0
2019-06-04,0.0,0.0,-12.0,0.0,0.0,7.0,-17.0,0.0,48.0,0.0,20.0,0.0,-42.0,-32.0,0.0
2019-06-05,-64.0,0.0,14.0,0.0,0.0,8.0,-20.0,0.0,0.0,0.0,23.0,0.0,0.0,-37.0,0.0
2019-06-06,-64.0,0.0,0.0,0.0,0.0,8.0,-20.0,0.0,0.0,0.0,23.0,0.0,51.0,-37.0,0.0
2019-06-10,-64.0,0.0,0.0,73.0,0.0,8.0,-20.0,0.0,0.0,0.0,23.0,0.0,0.0,-37.0,0.0
2019-06-11,-42.0,0.0,-9.0,0.0,0.0,5.0,-13.0,31.0,37.0,0.0,15.0,0.0,34.0,-25.0,0.0
2019-06-12,0.0,0.0,-10.0,0.0,0.0,-6.0,-14.0,34.0,41.0,0.0,16.0,0.0,37.0,-28.0,0.0
2019-06-13,0.0,0.0,0.0,0.0,0.0,12.0,-30.0,0.0,0.0,0.0,33.0,0.0,0.0,-57.0,0.0
2019-06-14,-48.0,0.0,-10.0,0.0,33.0,6.0,-15.0,34.0,0.0,0.0,16.0,0.0,0.0,-28.0,0.0
2019-06-17,-35.0,0.0,-8.0,39.0,24.0,4.0,-11.0,25.0,-31.0,0.0,12.0,23.0,0.0,-21.0,0.0
2019-06-18,-35.0,-24.0,-8.0,0.0,24.0,4.0,-11.0,25.0,0.0,15.0,12.0,0.0,-27.0,-21.0,0.0
2019-06-19,-35.0,-24.0,-8.0,0.0,24.0,4.0,-11.0,25.0,0.0,15.0,12.0,0.0,-27.0,-21.0,0.0
2019-06-20,-36.0,-26.0,-9.0,0.0,27.0,5.0,0.0,27.0,0.0,17.0,12.0,-24.0,-30.0,0.0,0.0
2019-06-21,-36.0,-26.0,0.0,-42.0,27.0,5.0,0.0,0.0,0.0,17.0,12.0,-24.0,-30.0,22.0,0.0
2019-06-24,-36.0,0.0,0.0,-42.0,0.0,5.0,0.0,-27.0,33.0,17.0,12.0,-24.0,-30.0,22.0,0.0
2019-06-25,-59.0,0.0,0.0,0.0,0.0,8.0,0.0,-43.0,0.0,27.0,20.0,-40.0,0.0,0.0,0.0
2019-06-26,-50.0,0.0,0.0,0.0,-36.0,0.0,0.0,-37.0,0.0,24.0,18.0,-34.0,42.0,0.0,0.0
2019-06-27,-38.0,0.0,10.0,-47.0,-28.0,0.0,0.0,-28.0,36.0,19.0,14.0,-26.0,0.0,0.0,0.0
2019-06-28,-34.0,0.0,-9.0,0.0,-25.0,5.0,0.0,-26.0,-32.0,17.0,12.0,-24.0,0.0,22.0,0.0
2019-07-01,-34.0,0.0,-9.0,0.0,-25.0,5.0,0.0,-25.0,0.0,17.0,12.0,-24.0,30.0,23.0,0.0
2019-07-02,-35.0,28.0,0.0,0.0,0.0,0.0,13.0,-28.0,-34.0,19.0,13.0,-26.0,0.0,25.0,0.0
2019-07-03,-39.0,0.0,0.0,0.0,0.0,6.0,15.0,0.0,-38.0,21.0,14.0,-28.0,0.0,28.0,0.0
2019-07-04,-32.0,0.0,0.0,-43.0,25.0,0.0,0.0,-26.0,-31.0,17.0,11.0,-23.0,29.0,23.0,0.0
2019-07-05,0.0,0.0,0.0,-72.0,0.0,-8.0,0.0,0.0,0.0,28.0,19.0,-38.0,48.0,0.0,0.0
2019-07-08,0.0,0.0,-22.0,0.0,0.0,-12.0,0.0,0.0,0.0,0.0,30.0,0.0,72.0,0.0,0.0
2019-07-09,0.0,-41.0,0.0,-72.0,42.0,0.0,0.0,0.0,-50.0,0.0,19.0,0.0,0.0,38.0,0.0
