,每日PnL,净值,资金占用比例,杠杆倍数,换手率
2015-01-05,0.0,1.0,0.0,0.0,0.0
2015-01-06,0.0,1.0,0.0,0.0,0.0
2015-01-07,18855.0,1.0018855,0.07050504274191013,0.982414,0.071123115
2015-01-08,1935.0,1.002079,0.07026688015615537,0.9794995,0.0
2015-01-09,-21695.0,0.9999095,0.06939027982032374,0.9647,0.0
2015-01-12,45265.0,1.004436,0.06796631642035929,0.9486845,0.0
2015-01-13,94925.0,1.0139285,0.06682274933587526,0.942067,0.013650000000000002
2015-01-14,5505.0,1.014479,0.06607243225340298,0.9327085,0.013919850000000003
2015-01-15,-53810.0,1.009098,0.06851373702058672,0.9624225,0.01314915
2015-01-16,-25035.0,1.0065945,0.06857387955129896,0.960787,0.0
2015-01-19,-4310.0,1.0061635,0.06912667275249004,0.9681105,0.028389725000000005
2015-01-20,-9070.0,1.0052565,0.06861393584622433,0.9600015,0.014182700000000003
2015-01-21,-8920.0,1.0043645,0.06908301219328242,0.9652375,0.028245
2015-01-22,-48020.0,0.9995625,0.06976168573751017,0.9697295,0.014284200000000002
2015-01-23,-18835.0,0.997679,0.07047451134082205,0.978062,0.013320160000000003
2015-01-26,28015.0,1.0004805,0.06892020883965255,0.9589075,0.0
2015-01-27,-14480.0,0.9990325,0.06963347538743735,0.9671615,0.0136696
2015-01-28,-4120.0,0.9986205,0.07009806528105522,0.9734595,0.0
2015-01-29,9675.0,0.999588,0.07022192143162984,0.976467,0.014012460000000004
2015-01-30,27240.0,1.002312,0.06940169328512479,0.967995,0.0
2015-02-02,9760.0,1.003288,0.07000062793534857,0.976787,0.0
2015-02-03,6490.0,1.003937,0.07100104887059647,0.991734,0.014120540000000003
2015-02-04,-42750.0,0.999662,0.07115230948060446,0.989118,0.014299950000000002
2015-02-05,32140.0,1.002876,0.0706530418516347,0.985582,0.013975780000000005
2015-02-06,6120.0,1.003488,0.07189291750374692,1.003134,0.0
2015-02-09,-9330.0,1.002555,0.07109703707028542,0.990907,0.014457240000000003
2015-02-10,42050.0,1.00676,0.07076608129047637,0.990658,0.0
2015-02-11,-1040.0,1.006656,0.07098673230974632,0.993546,0.0
2015-02-12,-7150.0,1.005941,0.07085563666258758,0.990997,0.013959680000000004
2015-02-13,-9990.0,1.004942,0.07234015495421628,1.010688,0.014022540000000002
2015-02-16,-12210.0,1.003721,0.0727907356725624,1.015557,0.0143598
2015-02-17,-22630.0,1.001458,0.07258133641151202,1.010638,0.0
2015-02-25,-22570.0,0.999201,0.07172975207190546,0.997622,0.01687455
2015-02-26,-59780.0,0.993223,0.07359471135887913,1.017078,0.0
2015-02-27,-39300.0,0.989293,0.07346054202344503,1.01132,0.0
2015-03-02,-34810.0,0.985812,0.07447950522006225,1.022397,0.0
2015-03-03,-51340.0,0.980678,0.07531362995804944,1.025646,0.032805970000000004
2015-03-04,-4810.0,0.980197,0.07383120944055123,1.004279,0.033969280000000004
2015-03-05,-5250.0,0.979672,0.07244739055520624,0.984644,0.0
2015-03-06,21620.0,0.981834,0.07153203087283594,0.974294,0.014334040000000003
2015-03-09,-16200.0,0.980214,0.07195238998830869,0.978262,0.0262948
2015-03-10,43370.0,0.984551,0.07084085029622642,0.967829,0.0
2015-03-11,-1120.0,0.984439,0.07080464101889504,0.966715,0.0138635
2015-03-12,-10140.0,0.983425,0.07187001550702901,0.980291,0.0141155
2015-03-13,34405.0,0.9868655,0.07134171272579698,0.9766725,0.027809320000000002
2015-03-16,55140.0,0.9923795,0.07055384558024426,0.971477,0.041874245000000004
2015-03-17,-74130.0,0.9849665,0.0710554115292246,0.97112,0.027651470000000008
2015-03-18,-49535.0,0.980013,0.06992607240924355,0.950418,0.013579125000000003
2015-03-19,-60885.0,0.9739245,0.07173869740416224,0.9694525,0.027543040000000008
2015-03-20,-30270.0,0.9708975,0.07200783295867999,0.9700375,0.0
2015-03-23,-53135.0,0.965584,0.07402314040000664,0.991388,0.0
2015-03-24,59980.0,0.971582,0.0737701038100747,0.9940815,0.014680855000000001
2015-03-25,18725.0,0.9734545,0.0719996620283742,0.9717085,0.028894775000000004
2015-03-26,-48035.0,0.968651,0.07312727700688897,0.982063,0.027670720000000003
2015-03-27,57485.0,0.9743995,0.0717952903300956,0.9700985,0.015009050000000003
2015-03-30,2780.0,0.9746775,0.07118273993192621,0.9622545,0.011913300000000002
2015-03-31,-52090.0,0.9694685,0.07163210047567302,0.9634095,0.026240760000000002
2015-04-01,-18530.0,0.9676155,0.07184384189794397,0.9643145,0.0
2015-04-02,-141675.0,0.953448,0.0732711694817127,0.968815,0.0
2015-04-03,-17270.0,0.951721,0.07291004401500019,0.962086,0.0
2015-04-07,-105160.0,0.941205,0.07519594031055934,0.9816285,0.013624695000000001
2015-04-08,29655.0,0.9441705,0.07650022956658782,1.002978,0.012855360000000001
2015-04-09,18415.0,0.946012,0.07543253679657341,0.9913155,0.0
2015-04-10,-48070.0,0.941205,0.07521531972312089,0.9831005,0.014007420000000001
2015-04-13,57435.0,0.9469485,0.07581225378148865,0.99665,0.0
2015-04-14,-14505.0,0.945498,0.07575196880374152,0.9942305,0.014542850000000003
2015-04-15,-25210.0,0.942977,0.07555643987074977,0.9889255,0.014292600000000003
2015-04-16,505.0,0.9430275,0.0770909650036717,1.00939,0.014118300000000004
2015-04-17,25800.0,0.9456075,0.07667616849485649,1.006708,0.028704900000000005
2015-04-20,-13085.0,0.944299,0.07617623761118036,0.9985535,0.013904100000000003
2015-04-21,-11760.0,0.943123,0.07662905580714287,1.0021975,0.0
2015-04-22,-15620.0,0.941561,0.07686535975895348,1.0036775,0.014384860000000003
2015-04-23,26325.0,0.9441935,0.0765333165288683,1.001838,0.014059920000000002
2015-04-24,48230.0,0.9490165,0.0775273559521884,1.020302,0.013938890000000002
2015-04-27,13470.0,0.9503635,0.07926970048828685,1.043769,0.0
2015-04-28,-21145.0,0.948249,0.07851933932964866,1.0310155,0.0289436
2015-04-29,-1315.0,0.9481175,0.07683535004891272,1.008562,0.013989080000000004
2015-04-30,-20100.0,0.9461075,0.07791197089125707,1.01997,0.0
2015-05-04,-75250.0,0.9385825,0.07947960887828188,1.031391,0.0
2015-05-05,25120.0,0.9410945,0.07973911227830999,1.037732,0.0
2015-05-06,-38470.0,0.9372475,0.07690393412625801,0.999696,0.026515809999999997
2015-05-07,-4775.0,0.93677,0.07574428621753472,0.9842325,0.0
2015-05-08,35425.0,0.9403125,0.07526854104353607,0.981785,0.0
2015-05-11,-37335.0,0.936579,0.07582438320739629,0.9849875,0.015444940000000002
2015-05-12,1465.0,0.9367255,0.07419357111555094,0.992843,0.01783901
2015-05-13,-7200.0,0.9360055,0.07416680778050984,0.991722,0.03526635000000001
2015-05-14,18745.0,0.93788,0.0734212212649806,0.9837185,0.0
2015-05-15,12645.0,0.9391445,0.07366720456756123,0.988345,0.0
2015-05-18,-30300.0,0.9361145,0.07349033691925508,0.982791,0.0
2015-05-19,-11094.999999999887,0.935005,0.07386053550515773,0.986571,0.035655165
2015-05-20,56759.99999999989,0.940681,0.07270822946354821,0.977075,0.0
2015-05-21,3550.0000000000364,0.941036,0.07404682711394676,0.995439,0.019979470000000003
2015-05-22,-42969.99999999999,0.936739,0.07477664536226206,1.00066,0.046705540000000004
2015-05-25,50250.00000000009,0.941764,0.07427497228605043,0.9992785,0.013881035
2015-05-26,2400.000000000022,0.9420040000000001,0.0744593972000119,1.002015,0.028354515000000004
2015-05-27,3939.999999999934,0.942398,0.07454102194614166,1.003533,0.0
2015-05-28,-12640.000000000033,0.941134,0.07450279131345804,1.001673,0.0
2015-05-29,28610.0000000001,0.943995,0.07449563292178454,1.0046215,0.035157185
2015-06-01,7124.9999999999345,0.9447075,0.07502285098826886,1.012495,0.0
2015-06-02,-24505.0,0.942257,0.07548781807935627,1.0161275,0.0
2015-06-03,-39705.00000000002,0.9382865,0.07463071247428157,1.000357,0.03206553
2015-06-04,62249.99999999997,0.9445115,0.07376691019643489,0.9953385,0.014113365000000003
2015-06-05,-14714.999999999975,0.94304,0.07323270486935868,0.986591,0.0
2015-06-08,24895.000000000025,0.9455295,0.07278510612307708,0.9831495,0.0
2015-06-09,7359.999999999974,0.9462655,0.07276866270618554,0.9836925,0.0
2015-06-10,10914.99999999997,0.947357,0.07371554757076794,0.997642,0.0
2015-06-11,-20454.99999999995,0.9453115,0.07406532661456039,1.0002115,0.00021784000000000001
2015-06-12,51439.99999999995,0.9504555,0.07248469286568389,0.9841925,0.0
2015-06-15,-20784.99999999999,0.948377,0.07619168853736435,1.0005035,0.031171885000000003
2015-06-16,-35464.99999999994,0.9448305,0.07590020643914437,0.996439,0.014643630000000005
2015-06-17,-16120.00000000003,0.9432185,0.07495897822190722,0.9822385,0.014247485
2015-06-18,41415.00000000006,0.94736,0.07595634711197434,0.9966915,0.028842135000000005
2015-06-19,-11330.000000000093,0.946227,0.07623730352230491,0.9991685,0.0
2015-06-23,-38919.99999999991,0.942335,0.0760571930364467,0.9961165,0.014211390000000003
2015-06-24,49655.00000000002,0.9473005,0.07689870320980513,1.005084,0.028979200000000007
2015-06-25,-2920.000000000058,0.9470085,0.07539409097172835,0.9817835,0.016925035000000005
2015-06-26,-1185.0,0.94689,0.07546052867809355,0.982526,0.0
2015-06-29,-48845.0,0.9420055,0.07658615581331532,0.984934,0.021050305000000002
2015-06-30,-34204.99999999993,0.938585,0.0751619885252801,0.9748845,0.035048260000000005
2015-07-01,-55100.00000000009,0.933075,0.07895814913056293,1.0033625,0.037144760000000006
2015-07-02,-3100.0000000000937,0.932765,0.07937227490311065,1.008234,0.046660285
2015-07-03,-17440.0,0.931021,0.07642402265899481,0.982481,0.037052890000000005
2015-07-06,-44750.0,0.926546,0.0768580297146607,0.97002,0.0543717
2015-07-07,-9030.00000000008,0.925643,0.07650168585512991,0.972285,0.0387785
2015-07-08,96634.99999999996,0.9353064999999999,0.07412356270377679,0.956375,0.050265855000000005
2015-07-09,165384.99999999997,0.9518449999999999,0.08078168189148444,1.049512,0.037249825
2015-07-10,-49730.00000000004,0.9468719999999999,0.07612395339602397,0.994952,0.07495679000000001
2015-07-13,7090.000000000036,0.947581,0.07554000132970164,0.987861,0.0
2015-07-14,57719.99999999993,0.953353,0.07486239619532326,0.984947,0.017388000000000004
2015-07-15,-27399.999999999927,0.9506129999999999,0.07552550827729056,0.990779,0.0004536000000000001
2015-07-16,7559.999999999962,0.951369,0.07833758510104911,1.018965,0.059703940000000004
2015-07-17,44600.0,0.9558289999999999,0.07525425572984289,0.99358,0.02013711
2015-07-20,71380.0,0.962967,0.07822180303167191,1.0267645,0.037152325
2015-07-21,-32920.0,0.959675,0.07425582619115846,0.983358,0.073245605
2015-07-22,-87140.0,0.950961,0.07547162291618688,0.994951,0.014752210000000003
2015-07-23,33140.000000000124,0.954275,0.07700797988001362,1.008027,0.06416792
2015-07-24,55199.99999999985,0.959795,0.07555646778739211,0.988736,0.04029165
2015-07-27,-34079.999999999956,0.956387,0.07495543122187985,0.97783,0.04642526
2015-07-28,-20509.999999999956,0.954336,0.07620721632632532,1.006407,0.06152544
2015-07-29,25349.999999999938,0.956871,0.07651749295359564,1.009691,0.014950570000000002
2015-07-30,-20180.0,0.954853,0.07635649675918701,1.005289,0.0
2015-07-31,55770.0,0.96043,0.07598974417708736,1.002949,0.017573690000000003
2015-08-03,9219.999999999958,0.961352,0.07481458404413784,0.988455,0.019870200000000005
2015-08-04,-9320.0,0.9604199999999999,0.07514594656504446,0.999421,0.060783380000000005
2015-08-05,43365.0,0.9647565,0.07542065795876991,1.004451,0.030554225
2015-08-06,-5944.999999999891,0.964162,0.0749171664097942,0.9973755,0.0179487
2015-08-07,-1990.0000000001055,0.963963,0.07559778228002528,1.0099095,0.03135339000000001
2015-08-10,2925.000000000098,0.9642554999999999,0.07559339822277394,1.009805,0.00026530000000000005
2015-08-11,-15545.0,0.962701,0.07595258548604396,1.013259,0.03173187500000001
2015-08-12,-15260.0,0.961175,0.07594777225791349,1.01119,0.031181430000000003
2015-08-13,-23140.000000000102,0.958861,0.07748092789257255,1.018512,0.0634717
2015-08-14,40090.0,0.96287,0.07653318724230686,1.010633,0.0
2015-08-17,-34139.99999999996,0.959456,0.07429359970650035,0.983592,0.019240570000000002
2015-08-18,26070.000000000073,0.962063,0.07346623869746575,0.975345,0.0
2015-08-19,-41010.000000000146,0.957962,0.07384050724350236,0.97602,0.0
2015-08-20,16940.000000000036,0.959656,0.0728487708095401,0.964768,0.0
2015-08-21,11990.0,0.960855,0.07290312273964336,0.966319,0.0
2015-08-24,-14489.99999999997,0.959406,0.07008601155298175,0.928242,0.0
2015-08-25,59180.00000000004,0.965324,0.06929656778449515,0.923352,0.0
2015-08-26,2080.0000000000364,0.965532,0.0697027752575782,0.929518,0.016953580000000003
2015-08-27,-29395.000000000044,0.9625925,0.0775035282323517,1.0232845,0.023272350000000004
2015-08-28,-32835.000000000044,0.959309,0.0786852828442139,1.03538,0.0
2015-08-31,25494.999999999935,0.9618585,0.07521866781860327,0.9976445,0.02019084
2015-09-01,-37939.99999999996,0.9580645,0.07625085263048573,1.0043605,0.03512838000000001
2015-09-02,51620.0,0.9632265,0.0750482155547008,0.997429,0.017958385
2015-09-07,-56815.0,0.957545,0.07614366426643134,0.9992055,0.01839037
2015-09-08,53035.000000000124,0.9628485,0.07586355485831883,1.013673,0.042693730000000006
2015-09-09,4619.999999999864,0.9633105,0.07623425676352537,1.012568,0.028007550000000006
2015-09-10,-12124.99999999985,0.962098,0.07564270999420017,1.0094,0.029023355000000004
2015-09-11,-50320.00000000006,0.957066,0.07555416240886208,1.005896,0.02605748
2015-09-14,279.9999999999418,0.957094,0.07398743488100437,0.984939,0.02497957
2015-09-15,3250.0,0.957419,0.07327523268286926,0.97593,0.0
2015-09-16,10415.0,0.9584604999999999,0.07407874920249713,0.9874965,0.0
2015-09-17,-1100.0,0.9583505,0.07375503534458427,0.9831425,0.0
2015-09-18,10565.0,0.959407,0.07362509862863208,0.9826805,0.027806345000000007
2015-09-21,-20680.0,0.9573389999999999,0.0765986447851806,1.011001,0.029732365000000004
2015-09-22,-15820.0,0.955757,0.0761110407771013,1.003068,0.03544723
2015-09-23,-53600.0,0.9503969999999999,0.07663163919919781,1.004324,0.0
2015-09-24,27080.0,0.953105,0.07570552037813254,0.997933,0.04668439
2015-09-25,7780.0,0.953883,0.07550576957551397,0.995581,0.0
2015-09-28,-33630.0,0.95052,0.07478786348525017,0.982448,0.0
2015-09-29,325.0,0.9505525,0.07451568955949303,0.9893625,0.04623333
2015-09-30,-20295.0,0.948523,0.07472911041693243,0.990044,0.0
2015-10-08,-69799.99999999994,0.941543,0.07735433219725493,1.014429,0.012868130000000002
2015-10-09,-13849.999999999969,0.9401579999999999,0.07887750782315314,1.028906,0.025247160000000005
2015-10-12,-56670.0,0.934491,0.0784183475282266,1.016532,0.014228130000000002
2015-10-13,14919.999999999967,0.935983,0.07681687060555588,1.0001155,0.026627565000000002
2015-10-14,28839.999999999996,0.938867,0.07493400023645522,0.978278,0.011735605000000001
2015-10-15,5555.0,0.9394224999999999,0.0773445707336156,1.001139,0.029964865000000004
2015-10-16,40559.999999999985,0.9434785,0.07513092773179252,0.9894145,0.047938785
2015-10-19,22265.00000000008,0.945705,0.07620753829153912,1.000345,0.02490525
2015-10-20,15754.99999999997,0.9472805,0.07510390533743702,0.9935995,0.024302340000000002
2015-10-21,-8614.99999999997,0.946419,0.07521698106229904,0.994664,0.02079847
2015-10-22,-27440.00000000005,0.943675,0.07554088006993934,0.995952,0.00012992
2015-10-23,8255.000000000076,0.9445005,0.0749757411457167,0.9890175,0.010560130000000001
2015-10-26,40939.99999999992,0.9485945,0.07520491632620684,0.994031,0.024282065000000002
2015-10-27,19950.0,0.9505895,0.07480702237927098,0.991171,0.012746650000000003
2015-10-28,-46750.00000000003,0.9459145,0.07544234706202306,0.994703,0.011036830000000001
2015-10-29,-14390.000000000056,0.9444755,0.07574633751748987,0.997048,0.0
2015-10-30,22875.000000000102,0.946763,0.07513907915708577,0.99465,0.010872105000000002
2015-11-02,-57615.00000000002,0.9410015,0.07652162616106349,1.0037795,0.02213271
2015-11-03,28355.00000000003,0.943837,0.07471813989068028,0.9862235,0.043419415
2015-11-04,8015.0000000000255,0.9446385,0.07547731751352502,0.997144,0.032661720000000005
2015-11-05,71229.99999999997,0.9517615,0.07489522847898344,0.9942285,0.022409245
2015-11-06,-4740.000000000022,0.9512875000000001,0.07528093767656992,1.0019645,0.021706180000000002
2015-11-09,29215.0,0.954209,0.07496949829649478,0.994951,0.05380736000000001
2015-11-10,3685.0,0.9545775,0.07553729267660302,1.00554,0.04633792500000001
2015-11-11,5125.0,0.95509,0.07457958412296224,0.9931745,0.02270499
2015-11-12,-11295.0,0.9539605,0.07520127929825185,0.997175,0.013054910000000001
2015-11-13,17630.0,0.9557235000000001,0.07489987428372329,0.994671,0.01400945
2015-11-16,63095.0,0.962033,0.07434280840678023,0.9916605,0.014393840000000001
2015-11-17,23959.999999999967,0.964429,0.07447709473688577,0.999061,0.024847545000000002
2015-11-18,-52990.00000000003,0.95913,0.0745109422080427,0.996984,0.011398560000000002
2015-11-19,-75374.99999999987,0.9515925000000001,0.07369796945646379,0.9783205,0.0
2015-11-20,-11120.000000000127,0.9504805,0.07360599717721722,0.9758095,0.0
2015-11-23,54050.0,0.9558854999999999,0.07376166915388925,0.980523,0.024222954999999997
2015-11-24,45930.00000000004,0.9604785,0.07272696890143819,0.973017,0.040701150000000005
2015-11-25,61449.999999999985,0.9666235,0.07369861688651269,0.9951945,0.029820555000000006
2015-11-26,39110.000000000044,0.9705345,0.07418095904885401,0.996744,0.062551875
2015-11-27,-23689.999999999985,0.9681655,0.07373185679514505,0.991152,0.013675850000000003
2015-11-30,-34269.99999999991,0.9647385,0.07371425521009062,0.982054,0.028306679999999997
2015-12-01,8660.00000000003,0.9656045,0.07532843415704879,1.0100925,0.05555789500000001
2015-12-02,-13530.000000000156,0.9642515,0.07572006888244405,1.010407,0.013998245000000001
2015-12-03,3280.0000000000946,0.9645795,0.07388371824199043,0.991816,0.026331890000000004
2015-12-04,-33384.99999999993,0.961241,0.07472923543627456,1.0028915,0.01115565
2015-12-07,46950.00000000001,0.965936,0.07532810662404135,1.009559,0.023130585000000002
2015-12-08,47539.99999999991,0.97069,0.07249712060493052,0.979089,0.038327480000000004
2015-12-09,-3085.0000000000728,0.9703815,0.0744913057390315,1.0034855,0.014241410000000001
2015-12-10,87655.0,0.979147,0.0735254359151384,1.000003,0.0
2015-12-11,-43664.99999999988,0.9747805,0.07442692483076961,1.0071845,0.0
2015-12-14,5390.000000000036,0.9753195,0.07417018218132623,1.0071175,0.013286400000000004
2015-12-15,4924.99999999988,0.975812,0.07381040610281489,0.997124,0.025257300000000003
2015-12-16,-27319.999999999876,0.9730800000000001,0.07448720043572986,1.0063715,0.028041525
2015-12-17,8969.999999999916,0.973977,0.0741516996807933,0.999985,0.013910875000000003
2015-12-18,14990.0,0.975476,0.07531289339768484,1.017236,0.0
2015-12-21,4070.0000000000873,0.9758830000000001,0.07664042718235692,1.034657,0.015827000000000004
2015-12-22,4149.999999999956,0.976298,0.07556047436336037,1.017182,0.04684448000000001
2015-12-23,-23980.000000000015,0.9739,0.07404214498408461,1.0027135,0.03971137500000001
2015-12-24,22134.99999999997,0.9761135,0.07392020497616311,1.006573,0.011724
2015-12-25,-14265.000000000062,0.974687,0.07385250341904633,1.0040325,0.0
2015-12-28,29085.00000000006,0.9775955000000001,0.07298211785958508,0.992667,0.01203186
2015-12-29,55140.0,0.9831095,0.07499522687961006,1.017196,0.05158067
2015-12-30,-12560.000000000095,0.9818535,0.07543027549425653,1.021644,0.0
2015-12-31,12710.000000000047,0.9831245,0.07503435221073222,1.017693,0.01771868
2016-01-04,11469.999999999956,0.9842715,0.07402963511592077,1.006098,0.0
2016-01-05,15855.000000000124,0.985857,0.07328986354004688,1.0059875,0.03949372000000001
2016-01-06,-45215.00000000011,0.9813355,0.07292108560222268,0.993515,0.025840990000000005
2016-01-07,4835.0000000001455,0.981819,0.07261136726830505,0.989646,0.014019285000000001
2016-01-08,-53555.00000000004,0.9764635,0.07314431619819892,0.9914965,0.0
2016-01-11,56790.0,0.9821425,0.07183137375686317,0.9801235,0.013862240000000003
2016-01-12,-14915.0,0.980651,0.07100061081873164,0.967126,0.027600160000000002
2016-01-13,-51059.99999999998,0.975545,0.07298414219743836,0.9918045,0.023851975
2016-01-14,23104.999999999967,0.9778555,0.0732238096528577,0.9974715,0.012853435
2016-01-15,28490.000000000036,0.9807045,0.07329814434419339,0.998926,0.013230185000000004
2016-01-18,70009.99999999991,0.9877055,0.07453686346790617,1.022721,0.0
2016-01-19,-64635.00000000003,0.9812420000000001,0.07429498023932934,1.0148465,0.014521680000000002
2016-01-20,17415.0,0.9829835,0.0732697039166985,1.002503,0.0129549
2016-01-21,10380.000000000102,0.9840215,0.07309573012378286,1.001311,0.01275904
2016-01-22,27454.99999999986,0.986767,0.07398539371503102,1.0162435,0.0
2016-01-25,10405.000000000036,0.9878075,0.07287557545371948,0.995952,0.037911990000000007
2016-01-26,30019.99999999997,0.9908095,0.07280480253772295,1.004397,0.03798821
2016-01-27,-19059.99999999997,0.9889035,0.07375222152616509,1.015169,0.0
2016-01-28,-48814.99999999991,0.9840220000000001,0.07229372412405415,0.9929745,0.012640490000000002
2016-01-29,32419.999999999913,0.987264,0.07290250632049787,1.001946,0.012589975
2016-02-01,63830.000000000065,0.9936470000000001,0.07244965264324253,0.996394,0.025469590000000004
2016-02-02,-16670.000000000116,0.99198,0.07285602532309118,1.000396,0.030873710000000002
2016-02-03,31375.00000000008,0.9951175,0.07290172266089182,1.007354,0.013756455000000003
2016-02-04,15144.999999999964,0.996632,0.07350848658281092,1.014103,0.013623855000000002
2016-02-05,-13130.0,0.995319,0.07270095316175017,1.001682,0.0
2016-02-15,-35899.99999999989,0.991729,0.07347792592532841,1.010917,0.02776317
2016-02-16,11629.999999999927,0.992892,0.07404655289799898,1.020189,0.027995730000000003
2016-02-17,-29680.000000000036,0.989924,0.07357247627090566,1.010588,0.014068530000000001
2016-02-18,20915.000000000007,0.9920155,0.07335330445945654,1.0126145,0.02625597
2016-02-19,53999.99999999997,0.9974155,0.07389567838077513,1.0256285,0.012902400000000001
2016-02-22,119750.00000000003,1.0093905,0.07189298888784867,1.00916,0.023818725
2016-02-23,45105.000000000065,1.013901,0.07050678517922361,0.99691,0.03585819500000001
2016-02-24,69669.99999999994,1.020868,0.07091715089512063,1.007025,0.012072040000000001
2016-02-25,-13509.999999999927,1.019517,0.07052692598554021,1.0031,0.012191430000000001
2016-02-26,-5185.0,1.0189985,0.07052125690077071,1.0029065,0.0
2016-02-29,1239.9999999999127,1.0191225,0.07073502449411136,1.0063265,0.023270730000000003
2016-03-01,-39519.99999999997,1.0151705,0.0709961774893971,1.0089075,0.046199769999999994
2016-03-02,-25889.999999999975,1.0125815,0.07150157789768033,1.0131825,0.013230279999999999
2016-03-03,-37664.99999999995,1.008815,0.07105983753215407,0.999689,0.010706700000000001
2016-03-04,30769.999999999884,1.011892,0.07295524621204635,1.025529,0.039383470000000004
2016-03-07,19175.0,1.0138095,0.0722622741254644,1.023164,0.028954245
2016-03-08,53985.00000000006,1.0192080000000001,0.07139579948352054,1.016311,0.023214695
2016-03-09,94400.00000000003,1.028648,0.06858998413451443,0.981985,0.020885520000000005
2016-03-10,26484.99999999992,1.0312965,0.06931686474258374,0.998862,0.04161084500000001
2016-03-11,53375.000000000044,1.036634,0.06874424821103688,0.9953475,0.009943990000000002
2016-03-14,21599.99999999995,1.038794,0.0678512005267647,0.984366,0.046459805
2016-03-15,7800.000000000073,1.039574,0.0683689713286404,0.9931815,0.05266775500000002
2016-03-16,-27260.0,1.036848,0.06964120584695153,1.0089935,0.0
2016-03-17,-9570.000000000022,1.0358910000000001,0.07105703688901632,1.0279835,0.01472695
2016-03-18,16779.99999999997,1.037569,0.06998620332720042,1.0139645,0.009025310000000002
2016-03-21,-14785.0,1.0360905,0.07004109679608105,1.0096245,0.011413785000000001
2016-03-22,39599.9999999999,1.0400505,0.06801244747250253,0.990334,0.033692295
2016-03-23,-33994.99999999993,1.036651,0.06922741115380202,1.0021095,0.011693740000000001
2016-03-24,-65950.00000000003,1.030056,0.06836304045605288,0.982958,0.010242085
2016-03-25,-36710.0,1.026385,0.06936747419340697,0.9936905,0.052760715
2016-03-28,48079.99999999997,1.031193,0.0677594349457376,0.9751065,0.02176762
2016-03-29,4670.0,1.03166,0.06856808929298414,0.9879365,0.03432429
2016-03-30,35029.99999999993,1.035163,0.06963159425134013,1.006975,0.04234870500000001
2016-03-31,9260.000000000025,1.036089,0.06974096819867791,1.009515,0.022088290000000003
2016-04-01,41610.00000000003,1.04025,0.07031637587118482,1.018803,0.042848620000000004
2016-04-05,-31950.0,1.037055,0.0681441871453298,0.986121,0.025332340000000002
2016-04-06,42480.0,1.041303,0.06889677164091529,0.9950245,0.035814465000000004
2016-04-07,-41995.00000000012,1.0371035,0.06919510926344381,0.998687,0.050877120000000005
2016-04-08,14360.000000000113,1.0385395,0.06939837146300167,1.002985,0.0128625
2016-04-11,-43390.00000000009,1.0342005,0.07143309251929389,1.027442,0.026327140000000002
2016-04-12,10275.000000000058,1.035228,0.07110967825445216,1.023239,0.023723945000000003
2016-04-13,-16754.999999999964,1.0335525,0.07035679851773373,1.0066135,0.04115114000000001
2016-04-14,23800.000000000036,1.0359325,0.07058722938029265,1.0123515,0.015315579999999999
2016-04-15,13394.999999999913,1.037272,0.06848588412682496,0.986607,0.029084460000000003
2016-04-18,72120.0,1.044484,0.06994623182356072,1.022236,0.04265933
2016-04-19,40420.00000000008,1.048526,0.07030956790771045,1.024043,0.06672658000000001
2016-04-20,939.9999999999709,1.04862,0.0724104918845721,1.054627,0.01418256
2016-04-21,85664.99999999996,1.0571865,0.06944622826719789,1.0257745,0.02850035
2016-04-22,-28574.999999999985,1.054329,0.06606379507724819,0.9691825,0.021995815000000002
2016-04-25,-77080.00000000003,1.046621,0.06978958954578592,1.021095,0.030894245
2016-04-26,-89415.00000000006,1.0376795,0.06890789497142423,0.988023,0.044424175
2016-04-27,-24774.999999999905,1.035202,0.06830792927370696,0.9768915,0.00017892000000000003
2016-04-28,37799.99999999994,1.038982,0.06941040845750937,1.0011795,0.01273666
2016-04-29,26950.000000000087,1.041677,0.07003587004416915,1.0130565,0.00045332000000000006
2016-05-03,-128360.00000000012,1.028841,0.06884421402335249,0.978425,0.042165375
2016-05-04,1750.00000000004,1.029016,0.06946148553569624,0.992014,0.04033882
2016-05-05,-51740.0,1.023842,0.06879313409686261,0.98147,0.02502734
2016-05-06,72620.0,1.031104,0.06886585640245796,0.989878,0.010113180000000001
2016-05-09,-50750.0,1.026029,0.0670851213757116,0.959734,0.02325239
2016-05-10,13510.00000000003,1.02738,0.06745848176916039,0.9662885,0.012451565000000003
2016-05-11,6340.000000000029,1.028014,0.06755908966220303,0.968417,0.012751865000000001
2016-05-12,-31869.99999999997,1.024827,0.06739398942455654,0.963074,0.0256508
2016-05-13,-13695.0,1.0234575,0.06612183212297532,0.9442655,0.025149740000000004
2016-05-16,41064.999999999956,1.027564,0.07004600686672557,0.9993365,0.04186756500000001
2016-05-17,47900.0,1.032354,0.0711506905576963,1.02337,0.03903109500000001
2016-05-18,-68375.00000000003,1.0255165,0.06968139956792505,0.9954775,0.0005423600000000001
2016-05-19,-66955.00000000003,1.018821,0.0697614890152441,0.990561,0.0
2016-05-20,32235.00000000005,1.0220445,0.06991773352334464,0.9960205,0.01309714
2016-05-23,-20680.000000000087,1.0199765,0.0690929742008762,0.971463,0.039805645
2016-05-24,50000.000000000146,1.0249765,0.06967104611666708,0.9906455,0.026070355000000003
2016-05-25,-10190.00000000003,1.0239575,0.07037209552154264,1.0030305,0.01197622
2016-05-26,-50775.0,1.01888,0.07226267077575377,1.024557,0.0
2016-05-27,47670.0,1.023647,0.06955034792267256,0.9899815,0.010428145000000003
2016-05-30,19244.999999999913,1.0255715,0.07105899491161757,1.007914,0.02903122
2016-05-31,-24079.999999999935,1.0231635000000001,0.0701324372888595,0.998215,0.02909832
2016-06-01,-735.0,1.02309,0.06958925900947131,0.9907425,0.0
2016-06-02,-56185.00000000003,1.0174715,0.0704373537735455,0.99697,0.0
2016-06-03,25465.00000000003,1.020018,0.07087739137936781,1.0057645,0.0
2016-06-06,17310.00000000006,1.021749,0.0715761845619619,1.0172285,0.0142758
2016-06-07,8614.999999999942,1.0226105,0.07037442897369038,0.997909,0.04174191000000001
2016-06-08,14615.0,1.024072,0.06986362775273615,0.9922055,0.015618120000000001
2016-06-13,-18595.0,1.0222125,0.07045850055639116,0.998808,0.01539412
2016-06-14,77850.0,1.0299975,0.06871351629494246,0.975565,0.015613920000000002
2016-06-15,44900.0,1.0344875,0.07158047825614133,1.001333,0.08737512
2016-06-16,20110.0,1.0364985,0.07055284209287327,1.0086845,0.072042775
2016-06-17,-64110.0,1.0300875,0.07236045966968827,1.0273315,0.0
2016-06-20,-63320.0,1.0237555,0.07069525389607187,1.0025665,0.033944629999999996
2016-06-21,40015.0,1.027757,0.07062164499974216,1.005927,0.015297100000000003
2016-06-22,112285.0,1.0389855000000001,0.07067525966435528,1.017151,0.016117745000000003
2016-06-23,1730.0,1.0391585,0.07079651467990687,1.00369,0.06330856000000001
2016-06-24,55110.0,1.0446695,0.0699114217463035,0.996869,0.0
2016-06-27,89340.0,1.0536035,0.07109062374982618,1.037819,0.047815760000000006
2016-06-28,-22990.0,1.0513045,0.06936264897562981,1.0126495,0.016402355
2016-06-29,-21860.0,1.0491185,0.06860521952477247,0.9960715,0.027840100000000007
2016-06-30,-16020.0,1.0475165,0.06987173471730518,1.0162185,0.041996610000000004
2016-07-01,-12620.0,1.0462545,0.06901652035905222,1.0053835,0.026919410000000005
2016-07-04,11945.0,1.047449,0.06931971389537821,1.0372695,0.05391088500000001
2016-07-05,-86720.00000000003,1.038777,0.06837822265991643,0.9876475,0.06801495
2016-07-06,-15274.999999999978,1.0372495,0.068200476355978,0.985053,0.025614260000000003
2016-07-07,11840.0,1.0384335,0.0691717476371862,1.001038,0.027526730000000006
2016-07-08,116595.0,1.050093,0.06652370790015742,0.997944,0.026760105000000006
2016-07-11,-18325.00000000003,1.0482605,0.06708303422670224,1.0045785,0.09780904000000001
2016-07-12,62610.00000000006,1.0545215000000001,0.07031070964413717,1.0309165,0.10008311
2016-07-13,38299.99999999994,1.0583515000000001,0.06892056656035354,1.0133855,0.01486555
2016-07-14,-2810.000000000022,1.0580705,0.06688474444755808,0.9885625,0.04850386
2016-07-15,-6455.0,1.057425,0.06783905241506492,0.998713,0.012289230000000002
2016-07-18,54225.0,1.0628475,0.06558978592883741,0.960732,0.037979665
2016-07-19,1495.0,1.062997,0.06695127549748495,0.9875015,0.026165510000000003
2016-07-20,7180.0,1.063715,0.06825976412854946,1.0013005,0.028644030000000004
2016-07-21,1135.0000000000236,1.0638285,0.06887767154198257,1.020189,0.03899612
2016-07-22,-30540.000000000047,1.0607745,0.06791099333552986,1.003015,0.0
2016-07-25,20.000000000023647,1.0607765,0.06641370731723412,1.00643,0.05258111000000001
2016-07-26,-1325.0,1.060644,0.06605357216936127,1.0008475,0.04535174
2016-07-27,-14409.999999999956,1.0592030000000001,0.06775881016198029,1.0029305,0.047375789999999994
2016-07-28,14334.999999999956,1.0606365,0.06887489729044777,1.021079,0.011655000000000002
2016-07-29,-11495.000000000044,1.059487,0.0667909280623547,0.989226,0.000918645
2016-08-01,-8899.999999999913,1.058597,0.06898300297469197,1.01497,0.04964318
2016-08-02,1194.9999999999563,1.0587165,0.06852116690351004,1.011367,0.03565212500000001
2016-08-03,13559.99999999999,1.0600725,0.06662216971009059,1.008919,0.02543836
2016-08-04,27455.0,1.062818,0.06802368326467938,1.0005785,0.044560890000000006
2016-08-05,-38265.0,1.0589915,0.06880232277596185,1.0154725,0.03517619500000001
2016-08-08,10735.000000000073,1.060065,0.07043278478206527,1.033679,0.03528366
2016-08-09,18200.00000000003,1.061885,0.070362699350683,1.0349485,0.032192475000000005
2016-08-10,-28115.000000000102,1.0590735,0.06811625444315243,1.001636,0.0450568
2016-08-11,-9134.999999999913,1.05816,0.06722102990096016,0.9907715,0.037909860000000004
2016-08-12,-2520.0000000000437,1.057908,0.06810768516733025,1.0032395,0.03904383
2016-08-15,7884.999999999956,1.0586965000000002,0.06840034891963845,1.008223,0.013454280000000002
2016-08-16,-115149.99999999983,1.0471815,0.07050678416301281,1.02482,0.03879469
2016-08-17,14939.999999999898,1.0486755,0.06990320647330847,1.006164,0.044029900000000004
2016-08-18,50610.0,1.0537365,0.06917366912885717,1.004226,0.03528189
2016-08-19,-580.0,1.0536785,0.06943366026733962,1.0115065,0.015617605000000001
2016-08-22,19079.999999999956,1.0555865,0.06713498135870438,0.983514,0.014916955000000003
2016-08-23,40555.000000000044,1.059642,0.06928816996683786,1.0238065,0.03321479000000001
2016-08-24,-20789.99999999999,1.057563,0.0681497319781422,0.9971705,0.03472671
2016-08-25,-9664.999999999949,1.0565965,0.06697020101808022,0.986234,0.02602732
2016-08-26,52774.99999999998,1.061874,0.06700284591203852,0.988294,0.013772594999999999
2016-08-29,-26045.000000000044,1.0592695,0.06765619136584222,0.992032,0.014616815000000002
2016-08-30,38860.0,1.0631555000000001,0.0668635773412262,0.983994,0.00019810000000000002
2016-08-31,45820.0,1.0677375,0.06564313794354887,0.970282,0.0
2016-09-01,-19330.0,1.0658045,0.06622153500008679,0.976453,0.014583660000000003
2016-09-02,-19025.0,1.0639020000000001,0.0678472359296251,1.002863,0.012980465000000002
2016-09-05,-42755.0,1.0596265,0.06793268665893124,1.0031925,0.013923479999999998
2016-09-06,18375.0,1.061464,0.06829778494607448,1.010492,0.00017052000000000001
2016-09-07,43475.0,1.0658115000000001,0.06666882933802085,0.9898015,0.0
2016-09-08,-31974.999999999924,1.062614,0.06855515737605566,1.015131,0.034250090000000004
2016-09-09,-19695.0000000001,1.0606445,0.06601539441349104,1.0002695,0.02544885
2016-09-12,46065.000000000044,1.065251,0.06439533968989469,0.97996,0.012677140000000002
2016-09-13,10280.0,1.066279,0.06609034783579158,0.981845,0.014361970000000002
2016-09-14,5350.0000000000255,1.066814,0.06743576199787404,0.9990945,0.013407315000000003
2016-09-19,35614.99999999992,1.0703755,0.0680810706149384,1.015013,0.02330996
2016-09-20,93494.99999999996,1.079725,0.06586123318437566,1.015886,0.036888705
2016-09-21,24905.00000000017,1.0822155,0.06674924264159958,1.0017295,0.04037035
2016-09-22,9879.999999999825,1.0832035,0.06696077422201831,1.0053735,0.028054250000000006
2016-09-23,40835.000000000175,1.0872870000000001,0.06646158741896115,1.005226,0.038329060000000005
2016-09-26,47569.999999999876,1.092044,0.06626431718868471,1.006865,0.0
2016-09-27,33950.00000000001,1.095439,0.06506602375851143,0.987838,0.02506062
2016-09-28,71139.99999999999,1.1025530000000001,0.06488926155930826,0.995135,0.054304830000000005
2016-09-29,21360.000000000044,1.104689,0.065483380390318,1.006761,0.0
2016-09-30,-18835.0,1.1028055,0.0654776340886947,1.0050485,0.012632200000000001
2016-10-10,-53084.99999999993,1.097497,0.0678117753397048,1.031566,0.030869069999999995
2016-10-11,24369.99999999986,1.099934,0.064681208145216,1.016358,0.029562429999999997
2016-10-12,74700.00000000009,1.107404,0.06508421497484207,1.001306,0.05935692000000001
2016-10-13,23805.0,1.1097845,0.06467954364113034,0.9933765,0.028090860000000002
2016-10-14,40295.00000000008,1.113814,0.0656635488510649,1.016044,0.04212322
2016-10-17,124534.99999999988,1.1262675,0.0654308900860586,1.0118955,0.05623451000000001
2016-10-18,-3204.9999999999227,1.125947,0.06457089010406351,1.00994,0.058283480000000006
2016-10-19,116850.0,1.137632,0.0640082645354561,1.012735,0.0
2016-10-20,19109.999999999956,1.139543,0.0634933433841461,1.0020885,0.013959215000000002
2016-10-21,43089.999999999956,1.143852,0.06297794207642247,0.9978835,0.0312319
2016-10-24,-59155.000000000146,1.1379365,0.0645488742122254,1.013566,0.06295963
2016-10-25,136070.0000000001,1.1515435,0.06522710605374439,1.037065,0.0
2016-10-26,65209.999999999956,1.1580645,0.06463253989738914,1.033215,0.017571610000000005
2016-10-27,11179.999999999905,1.1591825,0.0635031067152929,1.015197,0.03576006000000001
2016-10-28,60160.00000000012,1.1651985,0.06442973450446426,1.036079,0.0176904
2016-10-31,-6890.0,1.1645095,0.06539026087807785,1.051244,0.0
2016-11-01,75590.0,1.1720685,0.06135383725439256,0.99507,0.03500133
2016-11-02,49970.0,1.1770655,0.06006459283701715,0.986368,0.03874301
2016-11-03,-29810.0,1.1740845,0.06241598028080602,1.0191505,0.026946805000000004
2016-11-04,102440.0,1.1843285000000001,0.06190069309317473,1.0197765,0.0
2016-11-07,-152805.0,1.169048,0.06596066200874558,1.039424,0.07539455
2016-11-08,-82580.0,1.16079,0.06329004384944736,1.006335,0.06454145
2016-11-09,162825.0,1.1770725,0.06319326124771414,1.032035,0.079671015
2016-11-10,-53410.0,1.1717315,0.061555475806530764,1.003087,0.039680309999999996
2016-11-11,47045.0,1.176436,0.06391356605884213,1.041366,0.06545759500000001
2016-11-14,87660.0,1.185202,0.059269592862651266,0.977232,0.04521014
2016-11-15,19215.0,1.1871235,0.058490245538901385,0.9651535,0.04187505
2016-11-16,18540.0,1.1889775,0.06245872188498101,1.0183545,0.05743815
2016-11-17,82505.0,1.197228,0.06036125115683897,0.999364,0.03178766
2016-11-18,-5510.0,1.196677,0.05967968800269414,0.983253,0.031170980000000004
2016-11-21,-142270.0,1.18245,0.06284681804727474,1.021286,0.0755377
2016-11-22,76385.0,1.1900885,0.061816759846011454,1.0199945,0.03446652
2016-11-23,77630.0,1.1978515,0.06113840071160741,1.0152075,0.031216780000000003
2016-11-24,-59200.0,1.1919315000000001,0.060441162096982935,0.9978475,0.016187220000000002
2016-11-25,139150.0,1.2058465,0.06122804602410009,1.0178975,0.01564005
2016-11-28,-73000.0,1.1985465,0.06349618058206336,1.0428675,0.07103644
2016-11-29,-39600.0,1.1945865,0.06032603750335368,0.986661,0.061219515000000016
2016-11-30,68790.0,1.2014655,0.05925616673970247,0.976432,0.019555060000000003
2016-12-01,104860.0,1.2119515,0.06151559695251832,1.028886,0.016640860000000004
2016-12-02,1740.0,1.2121255,0.05889319216533272,0.978622,0.06848976000000001
2016-12-05,10565.0,1.213182,0.06238541702728857,1.0334095,0.09865671
2016-12-06,-73315.0,1.2058505,0.061910286557081494,1.018755,0.04817757
2016-12-07,-12955.0,1.204555,0.06429604708792874,1.0574675,0.0
2016-12-08,-36435.0,1.2009115000000001,0.06376331644754839,1.04601,0.0
2016-12-09,6875.0,1.201599,0.06125605131162726,1.013333,0.038018165
2016-12-12,-147320.0,1.1868670000000001,0.06194352020908829,0.994996,0.07038934000000001
2016-12-13,-87760.0,1.178091,0.061502311790854865,0.994856,0.06184138
2016-12-14,-53355.0,1.1727555,0.06092697071128638,0.985932,0.017962955000000003
2016-12-15,66350.0,1.1793905,0.06241829148191375,1.005902,0.05400569
2016-12-16,-14800.0,1.1779105,0.0604829314281518,0.978364,0.04074166
2016-12-19,-99455.0,1.1679650000000001,0.06098395499865151,0.9840675,0.01677465
2016-12-20,6995.0,1.1686645,0.06098026850306483,0.9853525,0.014595735000000004
2016-12-21,-6135.0,1.168051,0.06292668299586235,1.0113025,0.016902365
2016-12-22,-15220.0,1.1665290000000001,0.05956071816474345,0.9554815,0.033471690000000005
2016-12-23,-24195.0,1.1641095000000001,0.061966490265735315,0.998514,0.027899360000000005
2016-12-26,65790.0,1.1706885,0.06083149360397749,0.987079,0.01565445
2016-12-27,-49650.0,1.1657235000000001,0.062154816300778015,1.004339,0.01574839
2016-12-28,-28110.00000000016,1.1629125,0.06231019530704159,0.9997515,0.015738955
2016-12-29,-99469.99999999988,1.1529655,0.06296730908253544,1.0005005,0.0
2016-12-30,-121275.00000000006,1.140838,0.06291966957622379,0.988745,0.01746094
2017-01-03,-21049.99999999994,1.138733,0.06199094519962098,0.9769705,0.015705405
2017-01-04,2780.000000000029,1.139011,0.06511164949241052,1.0171155,0.04863493000000001
2017-01-05,80785.00000000003,1.1470895,0.0646016200130853,1.017312,0.020228740000000002
2017-01-06,2204.9999999999345,1.14731,0.06439113665879319,1.0145685,0.0
2017-01-09,-29160.00000000006,1.1443940000000001,0.0657501262677015,1.036975,0.036466805
2017-01-10,52260.000000000015,1.14962,0.0638692785442146,1.0159,0.03403885
2017-01-11,-58674.99999999995,1.1437525,0.0640310775276994,1.0127015,0.00022239000000000002
2017-01-12,-15670.000000000044,1.1421855,0.06493571753449856,1.0247605,0.0
2017-01-13,22160.00000000011,1.1444015,0.0629887805984176,0.9949265,0.029267700000000004
2017-01-16,70644.99999999994,1.151466,0.06457055180092161,1.0314185,0.016094835000000002
2017-01-17,-148660.0,1.1366,0.06281487770543727,0.989577,0.035691284999999996
2017-01-18,14784.999999999927,1.1380785,0.06304138071319333,0.994522,0.034919115
2017-01-19,-22810.000000000015,1.1357975,0.06376258532000643,0.9983255,0.016723615
2017-01-20,72975.00000000009,1.143095,0.06176484019263491,0.974784,0.0
2017-01-23,24029.99999999991,1.1454980000000001,0.06178966702691755,1.011142,0.03814511
2017-01-24,72679.99999999999,1.152766,0.06440318329999324,1.0259,0.050306100000000006
2017-01-25,-22769.999999999905,1.150489,0.0648352743920194,1.030941,0.0
2017-01-26,81260.0,1.158615,0.06290013507506807,1.010422,0.01669599
2017-02-03,-78660.00000000012,1.150749,0.06107943608901681,0.97528,0.03347086
2017-02-06,-6060.0,1.1501430000000001,0.06273287756392032,1.002054,0.026708500000000007
2017-02-07,-2904.9999999999563,1.1498525000000002,0.0630049984671947,1.0054065,0.0326819
2017-02-08,-65490.000000000044,1.1433035,0.06393106467355344,1.014573,0.00032203500000000003
2017-02-09,-2299.9999999998618,1.1430735,0.06201308139852775,0.983243,0.031171740000000003
2017-02-10,-66395.00000000004,1.1364340000000002,0.06373075339175,1.0106885,0.02518694
2017-02-13,545.0000000000364,1.1364885,0.06530204221160178,1.035066,0.0537659
2017-02-14,24005.0,1.138889,0.06377403329033822,1.0124335,0.036491420000000004
2017-02-15,141730.00000000006,1.153062,0.06217190836225631,0.9933295,0.024336510000000002
2017-02-16,133524.99999999988,1.1664145000000001,0.06197811326933952,0.997911,0.04770784000000001
2017-02-17,-6064.999999999913,1.165808,0.06208538198399737,1.0048805,0.01640465
2017-02-20,30930.000000000044,1.168901,0.06288511601923517,1.0210925,0.033957
2017-02-21,5114.999999999913,1.1694125,0.06128256710100157,0.99508,0.03265472
2017-02-22,-39324.99999999993,1.16548,0.061269824450012014,0.9914965,0.037510060000000005
2017-02-23,47184.99999999993,1.1701985000000001,0.05983183194987859,0.973516,0.0
2017-02-24,4624.999999999909,1.170661,0.06210308535092568,1.011738,0.042939225
2017-02-27,-69034.99999999991,1.1637575,0.06311813242879208,1.02251,0.059603765
2017-02-28,139199.99999999994,1.1776775000000002,0.06092315595738222,0.987989,0.0732811
2017-03-01,99690.00000000015,1.1876465,0.06152616961360136,1.011742,0.030957679999999998
2017-03-02,6639.999999999971,1.1883105,0.06194837123798872,1.00853,0.03170992000000001
2017-03-03,-24079.99999999994,1.1859025,0.06213672709181405,1.00903,0.0
2017-03-06,67009.99999999981,1.1926035000000001,0.06043121624244773,0.997504,0.04786543000000001
2017-03-07,1630.0000000001746,1.1927665,0.061226979463289755,1.000707,0.06327597
2017-03-08,58039.99999999994,1.1985705,0.05925798273860403,0.979081,0.0407901
2017-03-09,33110.000000000044,1.2018815,0.05856153040045962,0.970376,0.0
2017-03-10,48854.99999999987,1.2067670000000001,0.05977683761654073,1.0002845,0.025718520000000005
2017-03-13,55270.00000000009,1.212294,0.06034783229150685,1.0145845,0.0598469
2017-03-14,16694.999999999833,1.2139635,0.05963892654103686,0.994244,0.06214056000000001
2017-03-15,26710.00000000005,1.2166345,0.06014958477669342,1.004938,0.019811050000000004
2017-03-16,-2209.999999999949,1.2164135,0.05931501911151101,0.995097,0.05819246000000001
2017-03-17,-14335.0,1.2149800000000002,0.058774490115063624,0.988889,0.050954755
2017-03-20,31490.0,1.218129,0.05861565564895015,0.989369,0.03160997
2017-03-21,824.9999999999418,1.2182115,0.05870137492545424,0.996567,0.05012191500000001
2017-03-22,47175.00000000003,1.2229290000000002,0.05781185579866043,0.9816085,0.02658409
2017-03-23,53255.00000000006,1.2282545,0.05899863586903203,0.997322,0.04231891
2017-03-24,54.99999999991269,1.2282600000000001,0.05931854411932329,1.0022885,0.0410203
2017-03-27,-86064.99999999987,1.2196535000000002,0.057901108798523504,0.976547,0.031218360000000004
2017-03-28,12564.999999999854,1.22091,0.0594799125242647,0.995676,0.062474105
2017-03-29,72750.00000000012,1.228185,0.061356269617362215,1.029055,0.021156240000000003
2017-03-30,69660.00000000012,1.235151,0.060437266374718565,1.019845,0.0
2017-03-31,44679.99999999975,1.239619,0.05970968499192091,1.010718,0.024232110000000005
2017-04-05,87975.00000000012,1.2484165,0.06002620920181686,1.022053,0.07073370500000001
2017-04-06,-30084.999999999927,1.245408,0.058492060433207434,1.007034,0.09549583500000002
2017-04-07,133929.99999999983,1.258801,0.05568982706559655,0.970113,0.04556902000000001
2017-04-10,-5289.999999999924,1.258272,0.05637584321990794,0.9823335,0.014220675
2017-04-11,87514.9999999999,1.2670235,0.056401100689924065,0.985656,0.032135090000000005
2017-04-12,87840.00000000015,1.2758075,0.055297425356097996,0.974081,0.06929272
2017-04-13,-8359.999999999927,1.2749715,0.05744842923939869,0.999263,0.0884229
2017-04-14,15049.999999999753,1.2764765,0.055957579320888406,0.9865105,0.05335653500000001
2017-04-17,-98849.99999999994,1.2665914999999999,0.057010452857136656,1.0017465,0.05603798000000001
2017-04-18,-4024.999999999971,1.266189,0.05755943228064689,0.999416,0.057930230000000006
2017-04-19,105730.00000000006,1.276762,0.05554074291058162,0.971933,0.0185472
2017-04-20,-15455.00000000016,1.2752165,0.05907523153911512,1.025453,0.023125245
2017-04-21,-58004.99999999978,1.2694159999999999,0.05829067067060759,1.014773,0.042157285
2017-04-24,-650.0000000000582,1.269351,0.05747189705605463,0.999843,0.02037805
2017-04-25,-12495.000000000116,1.2681015,0.057400306678921216,0.9979345,0.020003410000000003
2017-04-26,29465.000000000175,1.271048,0.057352570477275454,0.999941,0.019978700000000002
2017-04-27,58909.999999999825,1.276939,0.05805282789545938,1.017256,0.0
2017-04-28,13120.000000000226,1.278251,0.05841608572964152,1.028766,0.01834
2017-05-02,-17590.000000000153,1.276492,0.056914688850380576,1.0073835,0.05887638500000001
2017-05-03,34605.00000000008,1.2799524999999998,0.05582978665223905,0.9949725,0.051184655
2017-05-04,73015.00000000006,1.287254,0.05381888889061523,0.961534,0.025830050000000004
2017-05-05,50139.99999999993,1.292268,0.05616750163278825,0.9980495,0.057845115000000016
2017-05-08,27495.00000000003,1.2950175,0.05618867312603883,1.0123745,0.07146540500000001
2017-05-09,58515.00000000002,1.300869,0.05500395120492533,0.9910305,0.012626654999999999
2017-05-10,83095.0,1.3091785,0.05495586736262474,0.993602,0.04674931000000001
2017-05-11,-19115.0,1.307267,0.05549713256740972,1.005051,0.015713085
2017-05-12,-30105.0,1.3042565,0.054638481771032005,0.9870885,0.01570464
2017-05-15,15420.0,1.3057984999999999,0.05616506681543898,1.020288,0.041247345
2017-05-16,-3065.0,1.3054919999999999,0.05541171068072421,1.0015935,0.02668467
2017-05-17,51385.0,1.3106305,0.05564643887045204,1.010376,0.015501360000000004
2017-05-18,75090.0,1.3181395,0.05452800329555408,0.9921045,0.014875835
2017-05-19,79525.0,1.326092,0.055882676315067124,1.031101,0.02780088
2017-05-22,6795.0,1.3267715,0.054611257477267194,1.003438,0.012504085000000002
2017-05-23,58970.0,1.3326685,0.05334029430424746,0.987579,0.015406300000000003
2017-05-24,-72125.0,1.325456,0.05320342961214858,0.9800115,0.014063
2017-05-25,-3024.9999999999563,1.3251534999999999,0.05488194386537107,1.0036,0.04354620000000001
2017-05-26,65635.00000000004,1.3317169999999998,0.053306952603293344,0.9833625,0.04714833
2017-05-31,-20139.999999999938,1.3297029999999999,0.05196831924121402,0.955009,0.032039815000000006
2017-06-01,53759.99999999995,1.335079,0.05500292492054777,1.016955,0.012270860000000001
2017-06-02,-98995.00000000006,1.3251795,0.054146570332547404,0.9931575,0.0
2017-06-05,-51600.00000000012,1.3200195,0.05504644438964728,1.002234,0.015908105000000002
2017-06-06,16505.000000000116,1.32167,0.05502429123760093,1.0068865,0.015622090000000002
2017-06-07,-1139.9999999999054,1.321556,0.05512661968164799,1.0084845,0.031214680000000005
2017-06-08,30169.999999999905,1.324573,0.05486420529483842,1.0027235,0.0306448
2017-06-09,66905.0000000001,1.3312635,0.05497224253500528,1.009822,0.01742832
2017-06-12,61104.999999999956,1.337374,0.05482054758055712,1.0147725,0.04743134
2017-06-13,-43475.00000000009,1.3330265,0.05353931823560897,0.987869,0.03136560000000001
2017-06-14,66615.0,1.339688,0.054503208956115164,1.0136185,0.027554560000000002
2017-06-15,9450.00000000004,1.340633,0.052853241714921236,0.98655,0.014303145000000001
2017-06-16,-25660.00000000009,1.338067,0.05440943913869785,1.0069425,0.027182445
2017-06-19,64875.000000000044,1.3445544999999999,0.0545236210209404,1.014654,0.031058790000000003
2017-06-20,-21870.0,1.3423675,0.0543966536734538,1.01067,0.015819370000000003
2017-06-21,30899.999999999985,1.3454575,0.054073079231413856,1.003429,0.015508800000000003
2017-06-22,-29409.999999999993,1.3425165,0.053564406843416824,0.99539,0.015817380000000002
2017-06-23,69610.00000000004,1.3494774999999999,0.05388741197982182,1.006275,0.0
2017-06-26,67120.00000000009,1.3561895,0.05391021313761832,1.0117295,0.03133000500000001
2017-06-27,17299.999999999913,1.3579195,0.054187427899812915,1.0141595,0.03066044
2017-06-28,9244.999999999956,1.358844,0.053291533097250314,1.000864,0.016701040000000004
2017-06-29,-27654.99999999987,1.3560785,0.05440836573988896,1.0193145,0.0
2017-06-30,65344.99999999987,1.362613,0.05286891435792849,0.994851,0.02910992
2017-07-03,88710.0000000001,1.371484,0.053339820223932626,1.010353,0.052705730000000006
2017-07-04,1434.999999999949,1.3716275,0.051676847394791954,0.9798955,0.052836770000000005
2017-07-05,1155.0,1.371743,0.05360121028501695,1.0173955,0.029372385000000004
2017-07-06,45900.00000000013,1.376333,0.05366042592889948,1.0218945,0.00016765
2017-07-07,45320.0,1.380865,0.053194624383991196,1.0162185,0.0156044
2017-07-10,6394.999999999884,1.3815045,0.05248200422076077,1.0067675,0.014955595
2017-07-11,4020.00000000008,1.3819065,0.05304031785073737,1.017588,0.028477015
2017-07-12,-33275.0,1.378579,0.053361363403910844,1.0206465,0.0
2017-07-13,21560.0,1.380735,0.05343050621589226,1.023631,0.000316925
2017-07-14,-81750.0,1.37256,0.053694017019292425,1.022078,0.0
2017-07-17,-1830.0,1.372377,0.05433102565840144,1.034335,0.0
2017-07-18,21425.0,1.3745195,0.05389150535878175,1.0274475,0.00056616
2017-07-19,-10655.0,1.373454,0.05331479248667957,1.0139745,0.026310095000000006
2017-07-20,29510.0,1.3764049999999999,0.051840243242359633,0.991261,0.015773175000000004
2017-07-21,-26010.0,1.373804,0.05234968743721813,0.999463,0.015163190000000002
2017-07-24,18540.0,1.375658,0.05241883520468024,0.999257,0.014770040000000002
2017-07-25,-2170.0,1.375441,0.05320011908907762,1.0180575,0.025058575000000007
2017-07-26,31465.0,1.3785875,0.05158060696183594,0.988994,0.011238640000000003
2017-07-27,5680.0,1.3791555,0.052031899231087426,0.998184,0.04179434
2017-07-28,64825.0,1.385638,0.050854267131819425,0.9816515,0.02796031000000001
2017-07-31,76495.0,1.3932875,0.05378468191238348,1.0382775,0.044199985000000004
2017-08-01,4589.999999999898,1.3937465,0.0505749826098218,0.9821215,0.05470407000000001
2017-08-02,22595.000000000073,1.3960059999999999,0.054052446765988124,1.043142,0.06999259000000001
2017-08-03,-3885.0000000000655,1.3956175,0.0513302677846903,0.988546,0.05399943500000001
2017-08-04,67575.00000000009,1.402375,0.05228235671628488,1.016011,0.027110795
2017-08-07,40384.99999999994,1.4064135,0.050871155602530846,0.999184,0.04926779500000001
2017-08-08,31515.00000000003,1.409565,0.05141815737479293,1.0078405,0.07007055000000001
2017-08-09,-45680.0,1.4049969999999998,0.05223520050220748,1.01995,0.070896595
2017-08-10,5965.0,1.4055935,0.05032218418767588,0.9869505,0.027870700000000005
2017-08-11,5430.0,1.4061365,0.050225507978777305,0.981596,0.014765535000000003
2017-08-14,-29415.0,1.403195,0.0510356507826781,0.995751,0.028545475000000004
2017-08-15,-21185.0,1.4010764999999998,0.05101755328848924,0.9933385,0.013957650000000004
2017-08-16,-14700.0,1.3996065,0.051177352348678,0.9953765,0.02521568
2017-08-17,25840.0,1.4021905,0.05295213810106402,1.0325255,0.01309371
2017-08-18,86720.0,1.4108625,0.0521980915929086,1.023639,0.027262025000000006
2017-08-21,31430.0,1.4140055,0.05150365398154391,1.016685,0.013322970000000002
2017-08-22,-37845.000000000065,1.410221,0.05220432116668239,1.018309,0.047274725
2017-08-23,-130740.0,1.397147,0.05147845573873043,0.994521,0.015566600000000003
2017-08-24,46190.0,1.4017659999999998,0.05260591282710525,1.015914,0.04748882000000001
2017-08-25,-13830.0,1.400383,0.052898478487670875,1.024819,0.03128472
2017-08-28,-16939.999999999927,1.398689,0.05110306865929453,0.99257,0.01616015
2017-08-29,-10610.00000000007,1.3976279999999999,0.05090514070983124,0.992885,0.025111780000000004
2017-08-30,18824.999999999964,1.3995104999999999,0.05134536325379481,0.9984425,0.013524980000000002
2017-08-31,38004.99999999997,1.403311,0.05229351868545177,1.019981,0.024348590000000003
2017-09-01,22630.000000000015,1.4055739999999999,0.05212187334142493,1.022845,0.013136390000000003
2017-09-04,-106629.99999999993,1.394911,0.05118544480615609,0.990562,0.04606855
2017-09-05,-850.0000000000728,1.394826,0.05184611557283848,1.003373,0.02860487
2017-09-06,-135309.9999999999,1.381295,0.05137026847994093,0.9835585,0.031568004999999996
2017-09-07,-4025.0,1.3808924999999999,0.0516524566539394,0.988967,0.02690394
2017-09-08,-21960.000000000036,1.3786965,0.051511917234866415,0.98583,0.028197890000000003
2017-09-11,40620.00000000007,1.3827585,0.05313892483756202,1.01636,0.0156555
2017-09-12,489.9999999999909,1.3828075,0.05274919321742181,1.013314,0.01546421
2017-09-13,24199.999999999898,1.3852275,0.050126235582241906,0.967982,0.049438819999999994
2017-09-14,-35489.99999999997,1.3816785,0.0521281397951839,0.996079,0.04959256
2017-09-15,17400.000000000033,1.3834184999999999,0.051888065686558335,0.998513,0.02469558
2017-09-18,46434.99999999997,1.388062,0.050996644962544906,0.9851615,0.06265315
2017-09-19,10680.0,1.38913,0.04997208324634844,0.966036,0.028340025
2017-09-20,-6060.0,1.3885239999999999,0.05025958499817072,0.971092,0.0
2017-09-21,4649.9999999999345,1.388989,0.04849021842505592,0.937294,0.01393525
2017-09-22,54905.00000000007,1.3944794999999999,0.05019016414368229,0.9748765,0.00941927
2017-09-25,-26824.99999999994,1.391797,0.051326148856478356,0.995514,0.02160354
2017-09-26,-26145.00000000006,1.3891825,0.052571213645435357,1.005693,0.048225175
2017-09-27,33190.0,1.3925014999999998,0.05253187878074099,1.007326,0.017574900000000004
2017-09-28,103170.0,1.4028185,0.05011498992920324,0.9732205,0.030807925
2017-09-29,-76045.0,1.395214,0.051654885917142464,1.002576,0.04127691000000001
2017-10-09,-55100.0,1.389704,0.05074926387201879,0.9770065,0.04288441500000001
2017-10-10,107455.0,1.4004495,0.05115727843096092,0.9892355,0.048394545000000004
2017-10-11,9400.0,1.4013895,0.050585008664614656,0.98243,0.031397605
2017-10-12,-3045.0,1.401085,0.0513659877880357,0.9975445,0.0
2017-10-13,-43365.0,1.3967485,0.052178434413926354,1.013995,0.014959720000000004
2017-10-16,-38345.0,1.392914,0.05252407183788805,1.0180045,0.028330890000000008
2017-10-17,24200.0,1.395334,0.05195528454119229,1.0085825,0.0004606000000000001
2017-10-18,46885.0,1.4000225,0.05196316487770732,1.01214,0.0004526200000000001
2017-10-19,-28400.0,1.3971825,0.050786708250353835,0.98696,0.0
2017-10-20,-20430.0,1.3951395,0.053417016721266954,1.033317,0.014969340000000003
2017-10-23,-19020.0,1.3932375,0.050486417427035954,0.977851,0.017857440000000002
2017-10-24,-31950.0,1.3900424999999998,0.05220489301586103,1.005986,0.01601048
2017-10-25,67595.0,1.3968019999999999,0.051588106259870765,0.994601,0.031698695000000006
2017-10-26,35360.0,1.400338,0.05231734052778687,1.003998,0.01870185
2017-10-27,-24620.0,1.397876,0.051359162042985226,0.979922,0.019922640000000002
2017-10-30,-13750.0,1.396501,0.0518661640772187,1.004365,0.05558270000000001
2017-10-31,-14855.0,1.3950155,0.05139165120387551,0.993865,0.027864305000000006
2017-11-01,24915.0,1.397507,0.05145202492724545,0.9922495,0.026886840000000002
2017-11-02,96080.0,1.407115,0.05302704825120904,1.0226065,0.018715070000000004
2017-11-03,-21285.0,1.4049865,0.05300115695061838,1.020773,0.0
2017-11-06,60125.0,1.410999,0.053472415643101096,1.0293875,0.06078994
2017-11-07,93595.0,1.4203585,0.053422329644241234,1.036018,0.047138070000000004
2017-11-08,5995.0,1.420958,0.05238604870798434,1.0160225,0.024296300000000003
2017-11-09,47065.0,1.4256645,0.05245124641877525,1.020924,0.0
2017-11-10,42644.999999999956,1.429929,0.05097812898402648,1.0057315,0.03780548
2017-11-13,8385.000000000138,1.4307675,0.05070165488103413,1.003964,0.06340806000000002
2017-11-14,51535.0,1.435921,0.05113335274015771,1.0086065,0.06412186
2017-11-15,-11090.0,1.434812,0.049693134013375974,0.9806615,0.0
2017-11-16,24755.000000000036,1.4372875,0.050709722306775784,1.010875,0.04064273
2017-11-17,-42220.0,1.4330655,0.05038607795666005,0.997335,0.027308060000000002
2017-11-20,56175.0,1.438683,0.050816760884781424,1.013823,0.06921318500000001
2017-11-21,72595.00000000007,1.4459425000000001,0.050165853759744944,1.005762,0.06947748500000002
2017-11-22,25020.000000000073,1.4484445,0.05084296291642518,1.009963,0.06354003000000001
2017-11-23,-38685.0,1.444576,0.050061004059322595,1.0017275,0.04851503
2017-11-24,-18505.0,1.4427254999999999,0.0512445576098849,1.028479,0.02474846
2017-11-27,11725.0,1.443898,0.04922466822448677,0.98088,0.090512015
2017-11-28,17050.00000000004,1.445603,0.05054176354088916,1.0118075,0.081510475
2017-11-29,53494.99999999989,1.4509525,0.0508340624520789,1.025263,0.052822140000000004
2017-11-30,-25194.99999999997,1.448433,0.049770030784993154,1.0020065,0.024430490000000003
2017-12-01,-37815.0,1.4446515,0.05045998290937295,1.012337,0.028003500000000008
2017-12-04,63985.00000000003,1.45105,0.050719248130664,1.0172595,0.05572099000000001
2017-12-05,26725.000000000033,1.4537225,0.05031492943116722,1.0154835,0.056611205000000005
2017-12-06,-19740.00000000006,1.4517484999999999,0.048670709837137775,0.984829,0.014847575
2017-12-07,126575.00000000009,1.4644059999999999,0.04667638960780003,0.9525255,0.012531330000000002
2017-12-08,-74605.00000000003,1.4569455,0.0507403502739121,1.0199175,0.040561575
2017-12-11,17055.000000000007,1.458651,0.04925627857520407,0.998356,0.04293864000000001
2017-12-12,21414.999999999993,1.4607925,0.04865477129708703,0.9910675,0.026657910000000003
2017-12-13,1059.999999999971,1.4608984999999999,0.04949746337613462,1.004851,0.027185875
2017-12-14,-32969.99999999997,1.4576015,0.04877730984771901,0.991204,0.023764220000000003
2017-12-15,-6720.000000000027,1.4569295,0.04921384322302487,0.99959,0.0
2017-12-18,-22640.00000000003,1.4546655,0.049659361550817016,1.007008,0.02221408
2017-12-19,23530.00000000005,1.4570185,0.0493382753890908,1.002234,0.02342837
2017-12-20,33240.00000000005,1.4603424999999999,0.04821474414392514,0.981052,0.03390408
2017-12-21,48910.00000000003,1.4652335,0.049657900942068275,1.002496,0.051556010000000006
2017-12-22,71435.0,1.472377,0.0498383328454601,1.0122845,0.0
2017-12-25,21804.99999999997,1.4745575,0.047632201524864234,0.979326,0.060021140000000014
2017-12-26,-4305.0,1.474127,0.049488276790262985,1.0135415,0.059108570000000006
2017-12-27,-33370.0,1.47079,0.047055993717661934,0.9644155,0.01564267
2017-12-28,-12380.000000000035,1.469552,0.04724679698302612,0.9675375,0.0126245
2017-12-29,-7805.0,1.4687715,0.04747834499784344,0.972032,0.0
2018-01-02,-11795.00000000003,1.467592,0.049916356180736886,1.0219435,0.00949102
2018-01-03,-1369.9999999999054,1.467455,0.04864940321849734,0.995363,0.034044675
2018-01-04,44595.0,1.4719145,0.049074878330229096,1.0077175,0.012633880000000002
2018-01-05,-18385.0,1.470076,0.04891686552259883,1.003153,0.025296950000000002
2018-01-08,32555.0,1.4733315,0.04927986335729603,1.0090725,0.01278355
2018-01-09,-33374.999999999905,1.469994,0.04792584187418453,0.98231,0.039790570000000004
2018-01-10,-5980.000000000055,1.469396,0.04903676748813798,0.997269,0.039522640000000005
2018-01-11,45.00000000003638,1.4694004999999999,0.04929653283771171,1.006465,0.013827115000000003
2018-01-12,-18170.0,1.4675835,0.047844112447434854,0.978569,0.01491811
2018-01-15,-35210.000000000065,1.4640625,0.04794569903948773,0.97803,0.0
2018-01-16,22570.000000000127,1.4663195,0.04840519409310182,0.985514,0.014400450000000002
2018-01-17,3010.0,1.4666204999999999,0.048357506253321844,0.984883,0.0
2018-01-18,-21615.0,1.464459,0.04860972891695842,0.9886265,0.0
2018-01-19,-6385.0,1.4638205,0.048877324781282955,0.993979,0.0
2018-01-22,-25065.0,1.461314,0.04952513285987816,1.001711,0.028101335000000005
2018-01-23,51935.0,1.4665075,0.04936065107065597,1.0025795,0.03185525000000001
2018-01-24,-65000.0,1.4600075000000001,0.0498633431677577,1.0085265,0.016627660000000002
2018-01-25,40280.0,1.4640355,0.05029127025949849,1.0203915,0.0
2018-01-26,-39985.0,1.460037,0.05036349763738865,1.018991,0.0
2018-01-29,-2925.0,1.4597445,0.04940594741065988,0.994878,0.014827915000000002
2018-01-30,39465.0,1.463691,0.048495420139906584,0.987243,0.028423435000000004
2018-01-31,-13290.000000000102,1.462362,0.04869396223370137,0.99102,0.014459480000000005
2018-02-01,39980.00000000003,1.4663599999999999,0.04827854687798358,0.985429,0.013916490000000002
2018-02-02,34509.99999999995,1.469811,0.05017971018042456,1.020197,0.01645475
2018-02-05,91390.00000000013,1.47895,0.049921200851955776,1.017428,0.030493080000000006
2018-02-06,38849.99999999989,1.4828350000000001,0.04780491086331251,0.9874985,0.052960885000000006
2018-02-07,15740.000000000064,1.4844089999999999,0.04779378527077107,0.9881975,0.0
2018-02-08,29454.99999999992,1.4873545,0.04842412484716992,0.997052,0.05141238000000001
2018-02-09,44665.00000000001,1.491821,0.046883761523668056,0.999174,0.043927495000000004
2018-02-12,-5190.0,1.4913020000000001,0.04660708562048464,0.992932,0.05649707000000001
2018-02-13,4035.000000000029,1.4917055000000001,0.04634030309601996,0.9875155,0.03832269
2018-02-14,39840.00000000009,1.4956895000000001,0.04739202220781787,1.012625,0.026606125
2018-02-22,39174.99999999991,1.4996070000000001,0.04634976363807318,0.992949,0.041225485000000006
2018-02-23,6955.0000000000655,1.5003025,0.0477422019892655,1.0232535,0.04236441999999999
2018-02-26,-6365.000000000044,1.499666,0.04729599790886771,1.01326,0.05630968000000001
2018-02-27,3480.000000000029,1.500014,0.04799920200744793,0.9991125,0.04534724500000001
2018-02-28,6549.999999999967,1.500669,0.04791353389721518,1.0011165,0.02530785
2018-03-01,-64895.000000000095,1.4941795,0.048279510594275994,1.0045265,0.012595275
2018-03-02,665.0000000000346,1.494246,0.04751191570865842,0.992007,0.02409125
2018-03-05,39315.00000000009,1.4981775,0.04782902893682491,0.9938225,0.024537890000000003
2018-03-06,-13985.000000000036,1.496779,0.04806694909535743,0.99824,0.04175255
2018-03-07,34424.99999999993,1.5002214999999999,0.04749215032580189,0.9884335,0.0
2018-03-08,45675.0,1.5047890000000002,0.04723425011745833,0.989574,0.037580560000000006
2018-03-09,-37950.0,1.500994,0.04765966086473364,0.9931095,0.039469195000000006
2018-03-12,-26449.999999999935,1.498349,0.04804045986615936,1.0065425,0.04361553
2018-03-13,-20645.000000000065,1.4962845,0.04775605174016038,0.991792,0.054923730000000004
2018-03-14,16910.000000000036,1.4979755,0.04829429453285451,1.004281,0.0
2018-03-15,17029.999999999964,1.4996785,0.0481979570954708,1.003312,0.0
2018-03-16,-14094.999999999964,1.498269,0.04824911614669996,1.0075565,0.026264370000000002
2018-03-19,-62814.99999999996,1.4919875,0.04769111336388543,0.9914735,0.035617855000000004
2018-03-20,-38665.00000000007,1.488121,0.048328143343182445,0.9959275,0.035901545
2018-03-21,7895.0,1.4889105,0.048297422847108674,0.996102,0.0
2018-03-22,-33634.99999999991,1.485547,0.04867472722169006,1.0017885,0.01550395
2018-03-23,-110929.99999999994,1.474454,0.0468734765547111,0.9582555,0.0
2018-03-26,-7690.000000000131,1.4736850000000001,0.047874986852685625,1.007895,0.049040625000000004
2018-03-27,24119.999999999935,1.476097,0.04754658061089482,1.0026195,0.05137702500000001
2018-03-28,-42494.999999999956,1.4718475,0.046973725199112006,0.987688,0.046962090000000005
2018-03-29,2670.0000000001273,1.4721145,0.048268426131255426,1.015095,0.01279488
2018-03-30,33329.999999999956,1.4754475,0.048923746863239796,1.031206,0.0
2018-04-02,-31745.0,1.472273,0.048793671418276376,1.0262515,0.014520170000000004
2018-04-03,30860.000000000036,1.475359,0.048536840863816884,1.0229895,0.014283500000000003
2018-04-04,3944.9999999999563,1.4757535,0.04731770583637444,0.997561,0.026181960000000008
2018-04-09,-2780.0000000001455,1.4754755,0.04899926159397429,1.000103,0.0485294
2018-04-10,-26809.999999999876,1.4727945,0.04811610173720774,1.012359,0.0489329
2018-04-11,-39600.00000000012,1.4688345,0.04900466322107767,0.998762,0.08721704
2018-04-12,-22530.000000000036,1.4665815,0.047673341031507624,0.998812,0.09983551000000002
2018-04-13,20610.00000000024,1.4686425,0.04955196380330816,1.010046,0.05765689
2018-04-16,57705.00000000003,1.474413,0.04846172002010292,0.988937,0.042381885
2018-04-17,11864.999999999953,1.4755995,0.04759762049255236,1.0033575,0.0496008
2018-04-18,39575.0,1.479557,0.04967851187889348,1.021257,0.02999082
2018-04-19,-320.0,1.479525,0.05074734120748213,1.042308,0.01397571
2018-04-20,-19185.0,1.4776065,0.048154512043632726,0.990066,0.015256265
2018-04-23,-39885.0,1.473618,0.050268896009685,1.011525,0.064166005
2018-04-24,30760.0,1.476694,0.04941790919445735,1.009559,0.04763464
2018-04-25,-48660.0,1.471828,0.049403809412512885,1.005613,0.0155988
2018-04-26,15165.0,1.4733445,0.049173981373670586,1.0023745,0.0
2018-04-27,31705.0,1.476515,0.049160557122684155,1.00469,0.015521800000000002
2018-05-02,-12550.0,1.47526,0.05083730325501946,1.035182,0.03208469
2018-05-03,-13020.0,1.473958,0.04969984219360389,1.010034,0.055281870000000004
2018-05-04,12985.0,1.4752565,0.04949130202103839,1.0065295,0.03519271
2018-05-07,-48195.0,1.470437,0.04997008372341012,1.012708,0.0
2018-05-08,-3135.0,1.4701235000000001,0.04985333204999444,1.0101265,0.0
2018-05-09,-20.0,1.4701215,0.048769853376064494,0.984463,0.034682965
2018-05-10,-435.0,1.470078,0.049206518293587145,0.993346,0.039874765
2018-05-11,-8035.0,1.4692745,0.049919878824549124,1.0110915,0.0173358
2018-05-14,-680.0,1.4692065,0.049586787153473665,1.000989,0.034365455
2018-05-15,27860.0,1.4719925,0.0491260179654448,1.000359,0.0477397
2018-05-16,-7390.0,1.4712535,0.04928837892314275,1.00321,0.0
2018-05-17,11900.0,1.4724435,0.04922560356305691,1.002756,0.0
2018-05-18,-131500.0,1.4592935,0.04993005176820153,1.00728,0.0
2018-05-21,-129390.0,1.4463545,0.0503651974671493,1.002219,0.015695960000000002
2018-05-22,-10149.999999999942,1.4453395,0.04900854089990622,0.987604,0.047471580000000006
2018-05-23,20289.999999999913,1.4473685,0.04825302609528949,0.973993,0.0
2018-05-24,9499.999999999935,1.4483185,0.050022104944458,0.997712,0.059400470000000004
2018-05-25,-26875.0,1.445631,0.049885693513766656,0.9929115,0.0
2018-05-28,59480.000000000015,1.451579,0.04970844163493685,1.000659,0.015284515
2018-05-29,13580.000000000131,1.452937,0.05047845846034618,1.017066,0.041627250000000005
2018-05-30,11579.99999999989,1.4540950000000001,0.05000557047510651,1.008785,0.014193830000000004
2018-05-31,28980.000000000073,1.456993,0.050099224910483436,1.012766,0.00025473
2018-06-01,-6439.999999999927,1.456349,0.050501177945671,1.020642,0.0
2018-06-04,9909.999999999858,1.45734,0.049044210685221024,0.994327,0.027637520000000006
2018-06-05,-12150.000000000015,1.4561250000000001,0.049966232294617566,1.002914,0.05270008
2018-06-06,36830.00000000001,1.459808,0.04954968735614547,1.000129,0.0160905
2018-06-07,5550.000000000109,1.460363,0.05019641691825937,1.017167,0.027894910000000002
2018-06-08,66334.99999999997,1.4669965,0.04976679562630177,1.0136145,0.0
2018-06-11,-28495.00000000008,1.464147,0.049058830841438736,0.993562,0.04081187
2018-06-12,3160.0000000000728,1.464463,0.05002096331556346,1.010655,0.03159195
2018-06-13,92275.0,1.4736905,0.04830737186675221,0.9860445,0.01635572
2018-06-14,-7695.0,1.472921,0.049813414976091736,1.0110975,0.017046225
2018-06-15,22595.0,1.4751805,0.04968135763725186,1.009991,0.0
2018-06-19,29874.999999999927,1.478168,0.04715763025583019,0.96961,0.057153815000000004
2018-06-20,-20819.999999999964,1.476086,0.04859406565742104,0.998086,0.0288813
2018-06-21,-27789.999999999964,1.473307,0.0483720161514199,0.991509,0.0
2018-06-22,5025.0,1.4738095,0.04830163939097964,0.9900145,0.0
2018-06-25,10755.0,1.474885,0.04940703851486726,1.00809,0.01650965
2018-06-26,-46105.00000000004,1.4702745,0.049277100976722374,1.0020595,0.015863330000000002
2018-06-27,6200.0,1.4708945,0.04950583131557022,1.0072865,0.016142490000000002
2018-06-28,36040.0,1.4744985,0.04938876167049339,1.0104665,0.014344520000000001
2018-06-29,28155.00000000008,1.477314,0.04981517808671684,1.018088,0.01355993
2018-07-02,-42545.00000000012,1.4730595,0.048749188338963904,0.9930365,0.031059
2018-07-03,-6219.999999999909,1.4724375,0.04875182817606859,0.998396,0.03890865500000001
2018-07-04,12844.99999999993,1.473722,0.04906332401904838,1.00617,0.038740975000000004
2018-07-05,-22260.0,1.4714960000000001,0.048758222924153376,0.998209,0.014118790000000003
2018-07-06,14360.0,1.4729320000000001,0.04945098619623989,0.999202,0.043575310000000006
2018-07-09,-45795.0,1.4683525,0.050033081293490496,1.00154,0.039947195000000005
2018-07-10,12595.0,1.469612,0.049252704115099764,0.9985995,0.053422990000000004
2018-07-11,-10150.0,1.468597,0.04929953894771677,0.9989365,0.01755152
2018-07-12,52475.0,1.4738445,0.04927569360268333,1.001993,0.0
2018-07-13,-9430.0,1.4729014999999999,0.048941684151995235,0.994404,0.017501050000000004
2018-07-16,19060.0,1.4748075,0.04904605516313147,0.998107,0.03524248000000001
2018-07-17,-9540.0,1.4738535,0.049414558502592014,0.999086,0.03569888
2018-07-18,-20400.0,1.4718135,0.04913040273105254,0.997337,0.01814685
2018-07-19,43750.0,1.4761885000000001,0.04973253754517123,1.00756,0.018369120000000003
2018-07-20,12830.0,1.4774715,0.049301363850334845,1.005328,0.01878629
2018-07-23,61000.0,1.4835715,0.04868671985138566,0.999929,0.04761593000000001
2018-07-24,26970.0,1.4862685,0.04924185636713689,0.999306,0.06247600000000001
2018-07-25,-5230.0,1.4857455,0.049412500323911465,1.0016,0.023484370000000004
2018-07-26,21560.0,1.4879015,0.049017498806204575,1.000723,0.020174710000000002
2018-07-27,51365.0,1.4930379999999999,0.049335294881978894,1.005261,0.020195575
2018-07-30,-33390.0,1.4896989999999999,0.04904669332529591,1.002583,0.03995209
2018-07-31,-3905.0,1.4893085,0.049298107141670114,1.013407,0.034804035000000004
2018-08-01,40970.0,1.4934055,0.04844573694150718,0.992679,0.03625761
2018-08-02,-185.0,1.493387,0.04863007713338873,1.0023875,0.03436381
2018-08-03,-30555.0,1.4903315,0.04961481388536712,1.024406,0.015637420000000003
2018-08-06,-15575.0,1.488774,0.04930882726323808,1.01331,0.04542916500000001
2018-08-07,-30600.00000000004,1.485714,0.049008708943982494,1.0102275,0.07068858500000001
2018-08-08,23980.000000000102,1.488112,0.050160250034943614,1.034201,0.070509315
2018-08-09,3979.999999999932,1.48851,0.05030831502643583,1.037429,0.025743760000000004
2018-08-10,35019.99999999999,1.492012,0.04794122299284456,0.993544,0.025067210000000003
2018-08-13,20879.999999999996,1.4941,0.04912167190951074,1.023517,0.024878850000000004
2018-08-14,-28375.0,1.4912625,0.04807095665585368,0.9958745,0.03744753000000001
2018-08-15,-180.0,1.4912445,0.04916846298511076,1.01569,0.015487035000000003
2018-08-16,18959.999999999927,1.4931405,0.04776990176075191,0.9917825,0.029128295000000002
2018-08-17,3650.000000000109,1.4935055,0.047899672950652006,0.9951775,0.013946800000000002
2018-08-20,45350.00000000003,1.4980405,0.048509576343229714,1.014303,0.04632429500000001
2018-08-21,-45035.00000000011,1.493537,0.04805096559375497,0.9926985,0.04602112
2018-08-22,-42469.999999999956,1.48929,0.04889292213067973,1.004282,0.032482135
2018-08-23,63350.0,1.495625,0.04799909736732135,0.990195,0.0
2018-08-24,-42134.999999999854,1.4914115,0.04860915314116862,1.007135,0.027763215
2018-08-27,-49570.000000000015,1.4864545,0.04739566532308928,0.98142,0.03642158
2018-08-28,72405.0,1.493695,0.04854064919545155,1.0077275,0.04753521
2018-08-29,-51700.0,1.488525,0.048471221511227555,1.0025175,0.0
2018-08-30,25730.0,1.491098,0.04803482735541192,0.9947405,0.0139475
2018-08-31,-8439.99999999996,1.490254,0.04820065908227725,0.9943775,0.02829816
2018-09-03,106285.0,1.5008825,0.04775961475998288,0.993191,0.031099320000000007
2018-09-04,-10425.00000000004,1.49984,0.04798899215916365,0.997433,0.06234161500000002
2018-09-05,-17105.0,1.4981295000000001,0.04761583361117981,0.9916155,0.014494660000000003
2018-09-06,24820.0,1.5006115,0.04854606605373876,1.0096855,0.014544140000000002
2018-09-07,-55489.99999999996,1.4950625,0.04815578278500063,1.0011415,0.015010140000000002
2018-09-10,-60409.99999999996,1.4890215,0.04867945493063733,1.0079765,0.014384300000000003
2018-09-11,24270.0,1.4914485,0.04688430408425099,0.9716675,0.014672560000000001
2018-09-12,-26405.000000000153,1.4888080000000001,0.04854502729700539,1.0009375,0.029252135000000002
2018-09-13,20380.000000000055,1.490846,0.048339761450880904,1.001142,0.028445205000000005
2018-09-14,-31340.000000000044,1.487712,0.04858205082704179,1.00081,0.014258930000000005
2018-09-17,57655.000000000095,1.4934775,0.04759610037647036,0.9912315,0.052153450000000004
2018-09-18,24384.999999999876,1.495916,0.04821919813679378,0.999251,0.03913805000000001
2018-09-19,-48580.0,1.491058,0.04875574592001117,1.0073335,0.031825395
2018-09-20,-53219.99999999991,1.485736,0.048329380185981895,0.99705,0.015259365000000002
2018-09-21,57390.0,1.4914749999999999,0.04824202215927187,0.999391,0.02823142
2018-09-25,-87355.0,1.4827395,0.048112068910283974,0.9940795,0.0360249
2018-09-26,3349.9999999999927,1.4830745,0.0480514229055924,0.989472,0.024274185000000004
2018-09-27,-26460.0,1.4804285,0.04790595425581175,0.985082,0.0
2018-09-28,2249.999999999991,1.4806535,0.047856078414024616,0.987541,0.012853620000000001
2018-10-08,9290.00000000003,1.4815825,0.04989883452322095,1.031472,0.010144680000000001
2018-10-09,-3250.000000000029,1.4812575,0.049048639416171734,1.0124095,0.033254795
2018-10-10,88830.0,1.4901404999999999,0.04874907433225257,1.008991,0.012642705000000002
2018-10-11,3120.0,1.4904525,0.04783971981663287,0.983869,0.027230340000000002
2018-10-12,-72190.0,1.4832334999999999,0.04881356846376514,0.999156,0.01792196
2018-10-15,4025.0,1.483636,0.04910745627633732,0.998977,0.035848035
2018-10-16,74070.0,1.491043,0.047503378507527956,0.980724,0.032246340000000005
2018-10-17,27315.0,1.4937745,0.04904154208014664,1.0114715,0.01676247
2018-10-18,43425.0,1.498117,0.046981116962159834,0.974643,0.01742426
2018-10-19,-33940.0,1.494723,0.04763376893243765,0.986237,0.0147175
2018-10-22,60510.0,1.500774,0.048190906825411425,0.998738,0.016342790000000003
2018-10-23,22550.000000000036,1.503029,0.04751539058793942,0.992963,0.05656981
2018-10-24,86815.00000000003,1.5117105,0.0481489279858809,1.009102,0.014566995000000001
2018-10-25,93189.99999999988,1.5210295,0.047810026038285255,0.998458,0.031071310000000005
2018-10-26,6890.0,1.5217185,0.047815335096471526,1.002254,0.035126370000000004
2018-10-29,-3690.0,1.5213495,0.04670968768189033,0.986008,0.03130629
2018-10-30,38370.0,1.5251865,0.046896087789919466,0.992604,0.030840950000000006
2018-10-31,-46890.0,1.5204974999999998,0.04744067648910964,1.004809,0.03707342000000001
2018-11-01,-33670.0,1.5171305,0.046743638731144094,0.98734,0.0
2018-11-02,-42130.0,1.5129175,0.04696472213455128,0.989065,0.012547220000000001
2018-11-05,42635.00000000014,1.517181,0.04785222396009442,1.0021855,0.0651445
2018-11-06,-25300.000000000087,1.514651,0.046813846886180385,0.984062,0.042188685000000004
2018-11-07,34150.00000000006,1.5180660000000001,0.04691616504157263,0.9915805,0.011944435
2018-11-08,-16465.00000000003,1.5164195,0.046333966293627855,0.981079,0.024705900000000003
2018-11-09,21239.999999999913,1.5185435,0.045901029506234106,0.973153,0.011439470000000002
2018-11-12,16060.0,1.5201495,0.04700996184914707,0.992191,0.034938840000000006
2018-11-13,-24435.000000000073,1.517706,0.04700065098246959,0.990181,0.013847015000000002
2018-11-14,116524.99999999993,1.5293584999999998,0.04699368722245307,0.9976985,0.02811564
2018-11-15,17980.000000000153,1.5311565,0.04805885289975257,1.0096975,0.04400201
2018-11-16,8084.999999999964,1.531965,0.04694737151305677,0.998589,0.05757050000000001
2018-11-19,59959.99999999996,1.5379610000000001,0.04519285924675594,0.9706965,0.035282775
2018-11-20,15439.999999999985,1.5395050000000001,0.04586619725171403,0.980742,0.046739625
2018-11-21,122865.00000000003,1.5517915,0.04523367024500393,0.9748475,0.0
2018-11-22,-4815.000000000109,1.55131,0.04517973196846536,0.973521,0.013533800000000002
2018-11-23,3275.0000000000728,1.5516375,0.044812560923540454,0.965735,0.014804335
2018-11-26,-43000.0,1.5473375,0.0458812896346143,0.989192,0.05561679
2018-11-27,16610.000000000073,1.5489985,0.04617960572589322,0.997282,0.047361650000000005
2018-11-28,-28920.0,1.5461065,0.04682997581343847,1.009499,0.045181570000000004
2018-11-29,58930.0,1.5519995,0.046901355316158286,1.015024,0.02393286
2018-11-30,-23620.0,1.5496375,0.04651212944962935,1.004082,0.04003882
2018-12-03,75710.0000000001,1.5572085,0.046252020843708476,1.003452,0.034002710000000005
2018-12-04,-15935.000000000065,1.555615,0.046950643314701904,1.0210675,0.03525262
2018-12-05,58825.0,1.5614975,0.047126370679427924,1.028823,0.0236341
2018-12-06,-590.0,1.5614385,0.045611962943145054,0.9950225,0.024078565000000003
2018-12-07,45700.0,1.5660085000000001,0.04608294910276668,1.008457,0.024461115
2018-12-10,-20574.999999999964,1.5639509999999999,0.04511234047614024,0.985477,0.026448065000000003
2018-12-11,110304.9999999999,1.5749815,0.04503364007767711,0.990965,0.034588365
2018-12-12,-15635.00000000003,1.573418,0.04470946372801124,0.9824625,0.020443080000000002
2018-12-13,59570.00000000003,1.579375,0.0461903537791848,1.022687,0.009368115000000002
2018-12-14,-12409.99999999997,1.578134,0.0456139465976907,1.005766,0.0085803
2018-12-17,-7170.000000000029,1.577417,0.045045805896601857,0.992406,0.02033101
2018-12-18,-44490.0,1.572968,0.04569130459106606,1.003878,0.02042985
2018-12-19,-16349.999999999967,1.571333,0.04569051245025721,1.003033,0.0
2018-12-20,57810.000000000044,1.577114,0.044615027829313536,1.0051855,0.023839725000000003
2018-12-21,55439.99999999996,1.582658,0.04408058152803702,0.9966355,0.0004356800000000001
2018-12-24,2155.0,1.5828735,0.04397145128780032,0.9943035,0.024838205000000002
2018-12-25,69495.00000000003,1.589823,0.04307975793531733,0.978417,0.03093965
2018-12-26,-9860.000000000095,1.588837,0.04366430288317808,0.991078,0.0005992700000000001
2018-12-27,-52999.99999999988,1.583537,0.04537667891561738,1.007215,0.00987659
2018-12-28,22399.999999999913,1.585777,0.045257038032459805,1.005871,0.020803300000000004
2019-01-02,-16874.999999999935,1.5840895000000002,0.043840944593092755,0.992114,0.031165095000000007
2019-01-03,49049.99999999997,1.5889945,0.04574165612278709,1.015432,0.022741110000000002
2019-01-04,-28529.99999999997,1.5861415,0.04561651025460213,1.009942,0.00941395
2019-01-07,4240.0,1.5865654999999999,0.04559505422246986,1.010072,0.00038472
2019-01-08,15540.000000000044,1.5881195,0.04577019550480931,1.011722,0.02737134
2019-01-09,-27675.00000000003,1.5853519999999999,0.04665633878154505,1.022996,0.026644765
2019-01-10,26179.999999999945,1.5879699999999999,0.044961554689320324,0.99336,0.016372240000000003
2019-01-11,35390.0,1.5915089999999998,0.0456767319569038,1.015219,0.03170662
2019-01-14,42369.999999999935,1.595746,0.04461214378729447,0.993985,0.00918729
2019-01-15,-56549.99999999993,1.5900910000000001,0.04511181435527904,0.995157,0.02400901
2019-01-16,-54465.00000000007,1.5846445,0.045680539073590334,1.0041745,0.01432445
2019-01-17,41155.00000000013,1.58876,0.04467487537450591,0.9908165,0.024334345000000004
2019-01-18,11994.999999999902,1.5899595,0.045730686850828595,1.012062,0.01218747
2019-01-21,-101209.9999999999,1.5798385000000001,0.04576053185183168,1.009085,0.03919634
2019-01-22,-6420.0000000000655,1.5791965000000001,0.04448230476701285,0.97705,0.02172113
2019-01-23,45765.0,1.5837729999999999,0.046029017416005964,1.0115545,0.014950570000000002
2019-01-24,1840.0,1.5839569999999998,0.04586502348232938,1.0079775,0.013970390000000003
2019-01-25,-43600.0,1.5795970000000001,0.04628113056684712,1.0145105,0.014051590000000003
2019-01-28,81225.0000000001,1.5877195,0.044976045831773184,0.9970235,0.025463425
2019-01-29,-11895.000000000135,1.58653,0.045603203217083825,1.004115,0.024655890000000003
2019-01-30,-3695.0,1.5861605,0.04527100819872895,0.9998155,0.013932660000000001
2019-01-31,16785.0,1.587839,0.04583151062544755,1.013718,0.012949720000000001
2019-02-01,73060.0,1.595145,0.046188948340119544,1.026441,0.00023121000000000003
2019-02-11,74470.0,1.602592,0.045465633174257704,1.015058,0.0010045
2019-02-12,-15429.999999999905,1.6010490000000002,0.0445130192767367,0.9948775,0.024614795000000002
2019-02-13,37044.99999999997,1.6047535000000002,0.04383702543724005,0.981616,0.0
2019-02-14,190.00000000003638,1.6047725000000002,0.044957369346745414,1.003725,0.024555140000000003
2019-02-15,1140.000000000029,1.6048865,0.043958834472095074,0.984562,0.012171510000000002
2019-02-18,31869.99999999987,1.6080735000000002,0.044400999083686166,0.996371,0.01157156
2019-02-19,-38189.99999999994,1.6042545000000001,0.04485405526367544,0.999676,0.038561200000000004
2019-02-20,15249.999999999993,1.6057795000000001,0.04461783202488262,1.00216,0.035550830000000005
2019-02-21,-28629.99999999997,1.6029165,0.04490834675418214,1.007219,0.0
2019-02-22,1869.999999999971,1.6031035,0.04492716471519151,1.0038685,0.034493975
2019-02-25,9119.999999999927,1.6040155,0.04458557601220187,0.9967665,0.0287427
2019-02-26,16150.000000000073,1.6056305,0.044672130356268144,0.9998705,0.041444129999999996
2019-02-27,23870.00000000003,1.6080174999999999,0.044762009741809404,1.0034485,0.01137577
2019-02-28,12379.999999999936,1.6092555,0.04486668213966025,1.0064565,0.0
2019-03-01,-88339.99999999997,1.6004215,0.046184180230020654,1.0303765,0.0
